/*
Navicat MySQL Data Transfer

Source Server         : jdy
Source Server Version : 50730
Source Host           : 114.67.207.106:3333
Source Database       : xxl

Target Server Type    : MYSQL
Target Server Version : 50730
File Encoding         : 65001

Date: 2021-03-03 10:07:34
*/

SET FOREIGN_KEY_CHECKS=0;

-- ----------------------------
-- Table structure for xxl_job_group
-- ----------------------------
DROP TABLE IF EXISTS `xxl_job_group`;
CREATE TABLE `xxl_job_group` (
  `id` int(11) NOT NULL AUTO_INCREMENT,
  `app_name` varchar(64) NOT NULL COMMENT '执行器AppName',
  `title` varchar(12) NOT NULL COMMENT '执行器名称',
  `address_type` tinyint(4) NOT NULL DEFAULT '0' COMMENT '执行器地址类型：0=自动注册、1=手动录入',
  `address_list` varchar(512) DEFAULT NULL COMMENT '执行器地址列表，多地址逗号分隔',
  PRIMARY KEY (`id`)
) ENGINE=InnoDB AUTO_INCREMENT=3 DEFAULT CHARSET=utf8mb4;

-- ----------------------------
-- Records of xxl_job_group
-- ----------------------------
INSERT INTO `xxl_job_group` VALUES ('1', 'xxl-job-executor-sample', '示例执行器', '0', null);
INSERT INTO `xxl_job_group` VALUES ('2', 'boot-sample', 'demo服务的定时任务', '0', null);

-- ----------------------------
-- Table structure for xxl_job_info
-- ----------------------------
DROP TABLE IF EXISTS `xxl_job_info`;
CREATE TABLE `xxl_job_info` (
  `id` int(11) NOT NULL AUTO_INCREMENT,
  `job_group` int(11) NOT NULL COMMENT '执行器主键ID',
  `job_cron` varchar(128) NOT NULL COMMENT '任务执行CRON',
  `job_desc` varchar(255) NOT NULL,
  `add_time` datetime DEFAULT NULL,
  `update_time` datetime DEFAULT NULL,
  `author` varchar(64) DEFAULT NULL COMMENT '作者',
  `alarm_email` varchar(255) DEFAULT NULL COMMENT '报警邮件',
  `executor_route_strategy` varchar(50) DEFAULT NULL COMMENT '执行器路由策略',
  `executor_handler` varchar(255) DEFAULT NULL COMMENT '执行器任务handler',
  `executor_param` varchar(512) DEFAULT NULL COMMENT '执行器任务参数',
  `executor_block_strategy` varchar(50) DEFAULT NULL COMMENT '阻塞处理策略',
  `executor_timeout` int(11) NOT NULL DEFAULT '0' COMMENT '任务执行超时时间，单位秒',
  `executor_fail_retry_count` int(11) NOT NULL DEFAULT '0' COMMENT '失败重试次数',
  `glue_type` varchar(50) NOT NULL COMMENT 'GLUE类型',
  `glue_source` mediumtext COMMENT 'GLUE源代码',
  `glue_remark` varchar(128) DEFAULT NULL COMMENT 'GLUE备注',
  `glue_updatetime` datetime DEFAULT NULL COMMENT 'GLUE更新时间',
  `child_jobid` varchar(255) DEFAULT NULL COMMENT '子任务ID，多个逗号分隔',
  `trigger_status` tinyint(4) NOT NULL DEFAULT '0' COMMENT '调度状态：0-停止，1-运行',
  `trigger_last_time` bigint(13) NOT NULL DEFAULT '0' COMMENT '上次调度时间',
  `trigger_next_time` bigint(13) NOT NULL DEFAULT '0' COMMENT '下次调度时间',
  PRIMARY KEY (`id`)
) ENGINE=InnoDB AUTO_INCREMENT=3 DEFAULT CHARSET=utf8mb4;

-- ----------------------------
-- Records of xxl_job_info
-- ----------------------------
INSERT INTO `xxl_job_info` VALUES ('1', '1', '0 0 0 * * ? *', '测试任务1', '2018-11-03 22:21:31', '2021-01-22 11:39:53', 'XXL', '', 'FIRST', 'demoJobHandler', '', 'SERIAL_EXECUTION', '0', '0', 'BEAN', '', 'GLUE代码初始化', '2018-11-03 22:21:31', '', '1', '1611331200000', '1611590400000');
INSERT INTO `xxl_job_info` VALUES ('2', '2', '0 * * * * ?', 'demo服务定时任务', '2021-01-22 13:47:28', '2021-01-22 15:06:08', '傅为地', '', 'FIRST', 'demoJobHandler', '', 'SERIAL_EXECUTION', '0', '0', 'BEAN', '', 'GLUE代码初始化', '2021-01-22 13:47:28', '', '1', '1611551460000', '1611551520000');

-- ----------------------------
-- Table structure for xxl_job_lock
-- ----------------------------
DROP TABLE IF EXISTS `xxl_job_lock`;
CREATE TABLE `xxl_job_lock` (
  `lock_name` varchar(50) NOT NULL COMMENT '锁名称',
  PRIMARY KEY (`lock_name`)
) ENGINE=InnoDB DEFAULT CHARSET=utf8mb4;

-- ----------------------------
-- Records of xxl_job_lock
-- ----------------------------
INSERT INTO `xxl_job_lock` VALUES ('schedule_lock');

-- ----------------------------
-- Table structure for xxl_job_log
-- ----------------------------
DROP TABLE IF EXISTS `xxl_job_log`;
CREATE TABLE `xxl_job_log` (
  `id` bigint(20) NOT NULL AUTO_INCREMENT,
  `job_group` int(11) NOT NULL COMMENT '执行器主键ID',
  `job_id` int(11) NOT NULL COMMENT '任务，主键ID',
  `executor_address` varchar(255) DEFAULT NULL COMMENT '执行器地址，本次执行的地址',
  `executor_handler` varchar(255) DEFAULT NULL COMMENT '执行器任务handler',
  `executor_param` varchar(512) DEFAULT NULL COMMENT '执行器任务参数',
  `executor_sharding_param` varchar(20) DEFAULT NULL COMMENT '执行器任务分片参数，格式如 1/2',
  `executor_fail_retry_count` int(11) NOT NULL DEFAULT '0' COMMENT '失败重试次数',
  `trigger_time` datetime DEFAULT NULL COMMENT '调度-时间',
  `trigger_code` int(11) NOT NULL COMMENT '调度-结果',
  `trigger_msg` text COMMENT '调度-日志',
  `handle_time` datetime DEFAULT NULL COMMENT '执行-时间',
  `handle_code` int(11) NOT NULL COMMENT '执行-状态',
  `handle_msg` text COMMENT '执行-日志',
  `alarm_status` tinyint(4) NOT NULL DEFAULT '0' COMMENT '告警状态：0-默认、1-无需告警、2-告警成功、3-告警失败',
  PRIMARY KEY (`id`),
  KEY `I_trigger_time` (`trigger_time`),
  KEY `I_handle_code` (`handle_code`)
) ENGINE=InnoDB AUTO_INCREMENT=245 DEFAULT CHARSET=utf8mb4;

-- ----------------------------
-- Records of xxl_job_log
-- ----------------------------
INSERT INTO `xxl_job_log` VALUES ('1', '1', '1', 'http://10.32.10.88:9119/', 'demoJobHandler', '', null, '0', '2021-01-22 11:39:58', '500', '任务触发类型：手动触发<br>调度机器：10.32.10.88<br>执行器-注册方式：自动注册<br>执行器-地址列表：[http://10.32.10.88:9119/]<br>路由策略：第一个<br>阻塞处理策略：单机串行<br>任务超时时间：0<br>失败重试次数：0<br><br><span style=\"color:#00c0ef;\" > >>>>>>>>>>>触发调度<<<<<<<<<<< </span><br>触发调度：<br>address：http://10.32.10.88:9119/<br>code：500<br>msg：xxl-rpc remoting error(Read timed out), for url : http://10.32.10.88:9119/run', '2021-01-22 11:40:13', '200', '', '1');
INSERT INTO `xxl_job_log` VALUES ('2', '1', '1', 'http://10.32.10.88:9119/', 'demoJobHandler', '20121202,1,false', null, '0', '2021-01-22 11:40:24', '200', '任务触发类型：手动触发<br>调度机器：10.32.10.88<br>执行器-注册方式：自动注册<br>执行器-地址列表：[http://10.32.10.88:9119/]<br>路由策略：第一个<br>阻塞处理策略：单机串行<br>任务超时时间：0<br>失败重试次数：0<br><br><span style=\"color:#00c0ef;\" > >>>>>>>>>>>触发调度<<<<<<<<<<< </span><br>触发调度：<br>address：http://10.32.10.88:9119/<br>code：200<br>msg：null', '2021-01-22 13:35:54', '500', '任务结果丢失，标记失败', '1');
INSERT INTO `xxl_job_log` VALUES ('3', '1', '1', 'http://10.32.10.88:9119/', 'demoJobHandler', 'arg', null, '0', '2021-01-22 13:37:25', '500', '任务触发类型：手动触发<br>调度机器：10.32.10.88<br>执行器-注册方式：自动注册<br>执行器-地址列表：[http://10.32.10.88:9119/]<br>路由策略：第一个<br>阻塞处理策略：单机串行<br>任务超时时间：0<br>失败重试次数：0<br><br><span style=\"color:#00c0ef;\" > >>>>>>>>>>>触发调度<<<<<<<<<<< </span><br>触发调度：<br>address：http://10.32.10.88:9119/<br>code：500<br>msg：xxl-rpc remoting error(Read timed out), for url : http://10.32.10.88:9119/run', '2021-01-22 13:37:40', '200', '', '1');
INSERT INTO `xxl_job_log` VALUES ('4', '2', '2', null, 'demoJobHandler', 'args', null, '0', '2021-01-22 13:50:34', '500', '任务触发类型：手动触发<br>调度机器：10.32.10.88<br>执行器-注册方式：自动注册<br>执行器-地址列表：null<br>路由策略：第一个<br>阻塞处理策略：单机串行<br>任务超时时间：0<br>失败重试次数：0<br><br><span style=\"color:#00c0ef;\" > >>>>>>>>>>>触发调度<<<<<<<<<<< </span><br>调度失败：执行器地址为空<br><br>', null, '0', null, '1');
INSERT INTO `xxl_job_log` VALUES ('5', '2', '2', null, 'demoJobHandler', 'sss', null, '0', '2021-01-22 13:50:54', '500', '任务触发类型：手动触发<br>调度机器：10.32.10.88<br>执行器-注册方式：自动注册<br>执行器-地址列表：null<br>路由策略：第一个<br>阻塞处理策略：单机串行<br>任务超时时间：0<br>失败重试次数：0<br><br><span style=\"color:#00c0ef;\" > >>>>>>>>>>>触发调度<<<<<<<<<<< </span><br>调度失败：执行器地址为空<br><br>', null, '0', null, '1');
INSERT INTO `xxl_job_log` VALUES ('6', '2', '2', null, 'demoJobHandler', '', null, '0', '2021-01-22 13:52:00', '500', '任务触发类型：Cron触发<br>调度机器：10.32.10.88<br>执行器-注册方式：自动注册<br>执行器-地址列表：null<br>路由策略：第一个<br>阻塞处理策略：单机串行<br>任务超时时间：0<br>失败重试次数：0<br><br><span style=\"color:#00c0ef;\" > >>>>>>>>>>>触发调度<<<<<<<<<<< </span><br>调度失败：执行器地址为空<br><br>', null, '0', null, '1');
INSERT INTO `xxl_job_log` VALUES ('7', '2', '2', null, 'demoJobHandler', '', null, '0', '2021-01-22 13:53:00', '500', '任务触发类型：Cron触发<br>调度机器：10.32.10.88<br>执行器-注册方式：自动注册<br>执行器-地址列表：null<br>路由策略：第一个<br>阻塞处理策略：单机串行<br>任务超时时间：0<br>失败重试次数：0<br><br><span style=\"color:#00c0ef;\" > >>>>>>>>>>>触发调度<<<<<<<<<<< </span><br>调度失败：执行器地址为空<br><br>', null, '0', null, '1');
INSERT INTO `xxl_job_log` VALUES ('8', '2', '2', null, 'demoJobHandler', 'qqq', null, '0', '2021-01-22 13:53:23', '500', '任务触发类型：手动触发<br>调度机器：10.32.10.88<br>执行器-注册方式：自动注册<br>执行器-地址列表：null<br>路由策略：第一个<br>阻塞处理策略：单机串行<br>任务超时时间：0<br>失败重试次数：0<br><br><span style=\"color:#00c0ef;\" > >>>>>>>>>>>触发调度<<<<<<<<<<< </span><br>调度失败：执行器地址为空<br><br>', null, '0', null, '1');
INSERT INTO `xxl_job_log` VALUES ('9', '2', '2', '127.0.0.1:9090', 'demoJobHandler', '', null, '0', '2021-01-22 13:54:00', '500', '任务触发类型：Cron触发<br>调度机器：10.32.10.88<br>执行器-注册方式：手动录入<br>执行器-地址列表：[127.0.0.1:9090]<br>路由策略：第一个<br>阻塞处理策略：单机串行<br>任务超时时间：0<br>失败重试次数：0<br><br><span style=\"color:#00c0ef;\" > >>>>>>>>>>>触发调度<<<<<<<<<<< </span><br>触发调度：<br>address：127.0.0.1:9090<br>code：500<br>msg：xxl-rpc remoting error(no protocol: 127.0.0.1:9090/run), for url : 127.0.0.1:9090/run', null, '0', null, '1');
INSERT INTO `xxl_job_log` VALUES ('10', '2', '2', '127.0.0.1:9090', 'demoJobHandler', 'ssss', null, '0', '2021-01-22 13:54:06', '500', '任务触发类型：手动触发<br>调度机器：10.32.10.88<br>执行器-注册方式：手动录入<br>执行器-地址列表：[127.0.0.1:9090]<br>路由策略：第一个<br>阻塞处理策略：单机串行<br>任务超时时间：0<br>失败重试次数：0<br><br><span style=\"color:#00c0ef;\" > >>>>>>>>>>>触发调度<<<<<<<<<<< </span><br>触发调度：<br>address：127.0.0.1:9090<br>code：500<br>msg：xxl-rpc remoting error(no protocol: 127.0.0.1:9090/run), for url : 127.0.0.1:9090/run', null, '0', null, '1');
INSERT INTO `xxl_job_log` VALUES ('11', '2', '2', '127.0.0.1:9090', 'demoJobHandler', '', null, '0', '2021-01-22 13:55:00', '500', '任务触发类型：Cron触发<br>调度机器：10.32.10.88<br>执行器-注册方式：手动录入<br>执行器-地址列表：[127.0.0.1:9090]<br>路由策略：第一个<br>阻塞处理策略：单机串行<br>任务超时时间：0<br>失败重试次数：0<br><br><span style=\"color:#00c0ef;\" > >>>>>>>>>>>触发调度<<<<<<<<<<< </span><br>触发调度：<br>address：127.0.0.1:9090<br>code：500<br>msg：xxl-rpc remoting error(no protocol: 127.0.0.1:9090/run), for url : 127.0.0.1:9090/run', null, '0', null, '1');
INSERT INTO `xxl_job_log` VALUES ('12', '2', '2', null, 'demoJobHandler', '', null, '0', '2021-01-22 13:56:00', '500', '任务触发类型：Cron触发<br>调度机器：10.32.10.88<br>执行器-注册方式：自动注册<br>执行器-地址列表：null<br>路由策略：第一个<br>阻塞处理策略：单机串行<br>任务超时时间：0<br>失败重试次数：0<br><br><span style=\"color:#00c0ef;\" > >>>>>>>>>>>触发调度<<<<<<<<<<< </span><br>调度失败：执行器地址为空<br><br>', null, '0', null, '1');
INSERT INTO `xxl_job_log` VALUES ('13', '2', '2', null, 'demoJobHandler', '', null, '0', '2021-01-22 13:57:00', '500', '任务触发类型：Cron触发<br>调度机器：10.32.10.88<br>执行器-注册方式：自动注册<br>执行器-地址列表：null<br>路由策略：第一个<br>阻塞处理策略：单机串行<br>任务超时时间：0<br>失败重试次数：0<br><br><span style=\"color:#00c0ef;\" > >>>>>>>>>>>触发调度<<<<<<<<<<< </span><br>调度失败：执行器地址为空<br><br>', null, '0', null, '1');
INSERT INTO `xxl_job_log` VALUES ('14', '2', '2', '127.0.0.1:9222', 'demoJobHandler', '', null, '0', '2021-01-22 13:58:00', '500', '任务触发类型：Cron触发<br>调度机器：10.32.10.88<br>执行器-注册方式：手动录入<br>执行器-地址列表：[127.0.0.1:9222]<br>路由策略：第一个<br>阻塞处理策略：单机串行<br>任务超时时间：0<br>失败重试次数：0<br><br><span style=\"color:#00c0ef;\" > >>>>>>>>>>>触发调度<<<<<<<<<<< </span><br>触发调度：<br>address：127.0.0.1:9222<br>code：500<br>msg：xxl-rpc remoting error(no protocol: 127.0.0.1:9222/run), for url : 127.0.0.1:9222/run', null, '0', null, '1');
INSERT INTO `xxl_job_log` VALUES ('15', '2', '2', '127.0.0.1:9222', 'demoJobHandler', 'aaaaa', null, '0', '2021-01-22 13:58:06', '500', '任务触发类型：手动触发<br>调度机器：10.32.10.88<br>执行器-注册方式：手动录入<br>执行器-地址列表：[127.0.0.1:9222]<br>路由策略：第一个<br>阻塞处理策略：单机串行<br>任务超时时间：0<br>失败重试次数：0<br><br><span style=\"color:#00c0ef;\" > >>>>>>>>>>>触发调度<<<<<<<<<<< </span><br>触发调度：<br>address：127.0.0.1:9222<br>code：500<br>msg：xxl-rpc remoting error(no protocol: 127.0.0.1:9222/run), for url : 127.0.0.1:9222/run', null, '0', null, '1');
INSERT INTO `xxl_job_log` VALUES ('16', '2', '2', '127.0.0.1:9222', 'demoJobHandler', '', null, '0', '2021-01-22 13:59:00', '500', '任务触发类型：Cron触发<br>调度机器：10.32.10.88<br>执行器-注册方式：手动录入<br>执行器-地址列表：[127.0.0.1:9222]<br>路由策略：第一个<br>阻塞处理策略：单机串行<br>任务超时时间：0<br>失败重试次数：0<br><br><span style=\"color:#00c0ef;\" > >>>>>>>>>>>触发调度<<<<<<<<<<< </span><br>触发调度：<br>address：127.0.0.1:9222<br>code：500<br>msg：xxl-rpc remoting error(no protocol: 127.0.0.1:9222/run), for url : 127.0.0.1:9222/run', null, '0', null, '1');
INSERT INTO `xxl_job_log` VALUES ('17', '2', '2', '127.0.0.1:9222', 'demoJobHandler', '', null, '0', '2021-01-22 14:00:00', '500', '任务触发类型：Cron触发<br>调度机器：10.32.10.88<br>执行器-注册方式：手动录入<br>执行器-地址列表：[127.0.0.1:9222]<br>路由策略：第一个<br>阻塞处理策略：单机串行<br>任务超时时间：0<br>失败重试次数：0<br><br><span style=\"color:#00c0ef;\" > >>>>>>>>>>>触发调度<<<<<<<<<<< </span><br>触发调度：<br>address：127.0.0.1:9222<br>code：500<br>msg：xxl-rpc remoting error(no protocol: 127.0.0.1:9222/run), for url : 127.0.0.1:9222/run', null, '0', null, '1');
INSERT INTO `xxl_job_log` VALUES ('18', '2', '2', '127.0.0.1:9222', 'demoJobHandler', '', null, '0', '2021-01-22 14:01:00', '500', '任务触发类型：Cron触发<br>调度机器：10.32.10.88<br>执行器-注册方式：手动录入<br>执行器-地址列表：[127.0.0.1:9222]<br>路由策略：第一个<br>阻塞处理策略：单机串行<br>任务超时时间：0<br>失败重试次数：0<br><br><span style=\"color:#00c0ef;\" > >>>>>>>>>>>触发调度<<<<<<<<<<< </span><br>触发调度：<br>address：127.0.0.1:9222<br>code：500<br>msg：xxl-rpc remoting error(no protocol: 127.0.0.1:9222/run), for url : 127.0.0.1:9222/run', null, '0', null, '1');
INSERT INTO `xxl_job_log` VALUES ('19', '2', '2', '127.0.0.1:9222', 'demoJobHandler', '', null, '0', '2021-01-22 14:02:00', '500', '任务触发类型：Cron触发<br>调度机器：10.32.10.88<br>执行器-注册方式：手动录入<br>执行器-地址列表：[127.0.0.1:9222]<br>路由策略：第一个<br>阻塞处理策略：单机串行<br>任务超时时间：0<br>失败重试次数：0<br><br><span style=\"color:#00c0ef;\" > >>>>>>>>>>>触发调度<<<<<<<<<<< </span><br>触发调度：<br>address：127.0.0.1:9222<br>code：500<br>msg：xxl-rpc remoting error(no protocol: 127.0.0.1:9222/run), for url : 127.0.0.1:9222/run', null, '0', null, '1');
INSERT INTO `xxl_job_log` VALUES ('20', '2', '2', '127.0.0.1:9222', 'demoJobHandler', '', null, '0', '2021-01-22 14:03:00', '500', '任务触发类型：Cron触发<br>调度机器：10.32.10.88<br>执行器-注册方式：手动录入<br>执行器-地址列表：[127.0.0.1:9222]<br>路由策略：第一个<br>阻塞处理策略：单机串行<br>任务超时时间：0<br>失败重试次数：0<br><br><span style=\"color:#00c0ef;\" > >>>>>>>>>>>触发调度<<<<<<<<<<< </span><br>触发调度：<br>address：127.0.0.1:9222<br>code：500<br>msg：xxl-rpc remoting error(no protocol: 127.0.0.1:9222/run), for url : 127.0.0.1:9222/run', null, '0', null, '1');
INSERT INTO `xxl_job_log` VALUES ('21', '2', '2', '127.0.0.1:9222', 'demoJobHandler', '', null, '0', '2021-01-22 14:04:00', '500', '任务触发类型：Cron触发<br>调度机器：10.32.10.88<br>执行器-注册方式：手动录入<br>执行器-地址列表：[127.0.0.1:9222]<br>路由策略：第一个<br>阻塞处理策略：单机串行<br>任务超时时间：0<br>失败重试次数：0<br><br><span style=\"color:#00c0ef;\" > >>>>>>>>>>>触发调度<<<<<<<<<<< </span><br>触发调度：<br>address：127.0.0.1:9222<br>code：500<br>msg：xxl-rpc remoting error(no protocol: 127.0.0.1:9222/run), for url : 127.0.0.1:9222/run', null, '0', null, '1');
INSERT INTO `xxl_job_log` VALUES ('22', '2', '2', '127.0.0.1:9222', 'demoJobHandler', '', null, '0', '2021-01-22 14:05:00', '500', '任务触发类型：Cron触发<br>调度机器：10.32.10.88<br>执行器-注册方式：手动录入<br>执行器-地址列表：[127.0.0.1:9222]<br>路由策略：第一个<br>阻塞处理策略：单机串行<br>任务超时时间：0<br>失败重试次数：0<br><br><span style=\"color:#00c0ef;\" > >>>>>>>>>>>触发调度<<<<<<<<<<< </span><br>触发调度：<br>address：127.0.0.1:9222<br>code：500<br>msg：xxl-rpc remoting error(no protocol: 127.0.0.1:9222/run), for url : 127.0.0.1:9222/run', null, '0', null, '1');
INSERT INTO `xxl_job_log` VALUES ('23', '2', '2', '127.0.0.1:9222', 'demoJobHandler', '', null, '0', '2021-01-22 14:06:00', '500', '任务触发类型：Cron触发<br>调度机器：10.32.10.88<br>执行器-注册方式：手动录入<br>执行器-地址列表：[127.0.0.1:9222]<br>路由策略：第一个<br>阻塞处理策略：单机串行<br>任务超时时间：0<br>失败重试次数：0<br><br><span style=\"color:#00c0ef;\" > >>>>>>>>>>>触发调度<<<<<<<<<<< </span><br>触发调度：<br>address：127.0.0.1:9222<br>code：500<br>msg：xxl-rpc remoting error(no protocol: 127.0.0.1:9222/run), for url : 127.0.0.1:9222/run', null, '0', null, '1');
INSERT INTO `xxl_job_log` VALUES ('24', '2', '2', '127.0.0.1:9222', 'demoJobHandler', '', null, '0', '2021-01-22 14:07:00', '500', '任务触发类型：Cron触发<br>调度机器：10.32.10.88<br>执行器-注册方式：手动录入<br>执行器-地址列表：[127.0.0.1:9222]<br>路由策略：第一个<br>阻塞处理策略：单机串行<br>任务超时时间：0<br>失败重试次数：0<br><br><span style=\"color:#00c0ef;\" > >>>>>>>>>>>触发调度<<<<<<<<<<< </span><br>触发调度：<br>address：127.0.0.1:9222<br>code：500<br>msg：xxl-rpc remoting error(no protocol: 127.0.0.1:9222/run), for url : 127.0.0.1:9222/run', null, '0', null, '1');
INSERT INTO `xxl_job_log` VALUES ('25', '2', '2', '127.0.0.1:9222', 'demoJobHandler', '', null, '0', '2021-01-22 14:08:00', '500', '任务触发类型：Cron触发<br>调度机器：10.32.10.88<br>执行器-注册方式：手动录入<br>执行器-地址列表：[127.0.0.1:9222]<br>路由策略：第一个<br>阻塞处理策略：单机串行<br>任务超时时间：0<br>失败重试次数：0<br><br><span style=\"color:#00c0ef;\" > >>>>>>>>>>>触发调度<<<<<<<<<<< </span><br>触发调度：<br>address：127.0.0.1:9222<br>code：500<br>msg：xxl-rpc remoting error(no protocol: 127.0.0.1:9222/run), for url : 127.0.0.1:9222/run', null, '0', null, '1');
INSERT INTO `xxl_job_log` VALUES ('26', '2', '2', '127.0.0.1:9222', 'demoJobHandler', '', null, '0', '2021-01-22 14:09:00', '500', '任务触发类型：Cron触发<br>调度机器：10.32.10.88<br>执行器-注册方式：手动录入<br>执行器-地址列表：[127.0.0.1:9222]<br>路由策略：第一个<br>阻塞处理策略：单机串行<br>任务超时时间：0<br>失败重试次数：0<br><br><span style=\"color:#00c0ef;\" > >>>>>>>>>>>触发调度<<<<<<<<<<< </span><br>触发调度：<br>address：127.0.0.1:9222<br>code：500<br>msg：xxl-rpc remoting error(no protocol: 127.0.0.1:9222/run), for url : 127.0.0.1:9222/run', null, '0', null, '1');
INSERT INTO `xxl_job_log` VALUES ('27', '2', '2', '127.0.0.1:9222', 'demoJobHandler', '', null, '0', '2021-01-22 14:10:00', '500', '任务触发类型：Cron触发<br>调度机器：10.32.10.88<br>执行器-注册方式：手动录入<br>执行器-地址列表：[127.0.0.1:9222]<br>路由策略：第一个<br>阻塞处理策略：单机串行<br>任务超时时间：0<br>失败重试次数：0<br><br><span style=\"color:#00c0ef;\" > >>>>>>>>>>>触发调度<<<<<<<<<<< </span><br>触发调度：<br>address：127.0.0.1:9222<br>code：500<br>msg：xxl-rpc remoting error(no protocol: 127.0.0.1:9222/run), for url : 127.0.0.1:9222/run', null, '0', null, '1');
INSERT INTO `xxl_job_log` VALUES ('28', '2', '2', '127.0.0.1:9222', 'demoJobHandler', '', null, '0', '2021-01-22 14:11:00', '500', '任务触发类型：Cron触发<br>调度机器：10.32.10.88<br>执行器-注册方式：手动录入<br>执行器-地址列表：[127.0.0.1:9222]<br>路由策略：第一个<br>阻塞处理策略：单机串行<br>任务超时时间：0<br>失败重试次数：0<br><br><span style=\"color:#00c0ef;\" > >>>>>>>>>>>触发调度<<<<<<<<<<< </span><br>触发调度：<br>address：127.0.0.1:9222<br>code：500<br>msg：xxl-rpc remoting error(no protocol: 127.0.0.1:9222/run), for url : 127.0.0.1:9222/run', null, '0', null, '1');
INSERT INTO `xxl_job_log` VALUES ('29', '2', '2', '127.0.0.1:9222', 'demoJobHandler', '', null, '0', '2021-01-22 14:12:00', '500', '任务触发类型：Cron触发<br>调度机器：10.32.10.88<br>执行器-注册方式：手动录入<br>执行器-地址列表：[127.0.0.1:9222]<br>路由策略：第一个<br>阻塞处理策略：单机串行<br>任务超时时间：0<br>失败重试次数：0<br><br><span style=\"color:#00c0ef;\" > >>>>>>>>>>>触发调度<<<<<<<<<<< </span><br>触发调度：<br>address：127.0.0.1:9222<br>code：500<br>msg：xxl-rpc remoting error(no protocol: 127.0.0.1:9222/run), for url : 127.0.0.1:9222/run', null, '0', null, '1');
INSERT INTO `xxl_job_log` VALUES ('30', '2', '2', '127.0.0.1:9222', 'demoJobHandler', '', null, '0', '2021-01-22 14:13:00', '500', '任务触发类型：Cron触发<br>调度机器：10.32.10.88<br>执行器-注册方式：手动录入<br>执行器-地址列表：[127.0.0.1:9222]<br>路由策略：第一个<br>阻塞处理策略：单机串行<br>任务超时时间：0<br>失败重试次数：0<br><br><span style=\"color:#00c0ef;\" > >>>>>>>>>>>触发调度<<<<<<<<<<< </span><br>触发调度：<br>address：127.0.0.1:9222<br>code：500<br>msg：xxl-rpc remoting error(no protocol: 127.0.0.1:9222/run), for url : 127.0.0.1:9222/run', null, '0', null, '1');
INSERT INTO `xxl_job_log` VALUES ('31', '2', '2', '127.0.0.1:9222', 'demoJobHandler', '', null, '0', '2021-01-22 14:14:00', '500', '任务触发类型：Cron触发<br>调度机器：10.32.10.88<br>执行器-注册方式：手动录入<br>执行器-地址列表：[127.0.0.1:9222]<br>路由策略：第一个<br>阻塞处理策略：单机串行<br>任务超时时间：0<br>失败重试次数：0<br><br><span style=\"color:#00c0ef;\" > >>>>>>>>>>>触发调度<<<<<<<<<<< </span><br>触发调度：<br>address：127.0.0.1:9222<br>code：500<br>msg：xxl-rpc remoting error(no protocol: 127.0.0.1:9222/run), for url : 127.0.0.1:9222/run', null, '0', null, '1');
INSERT INTO `xxl_job_log` VALUES ('32', '2', '2', '127.0.0.1:9222', 'demoJobHandler', '', null, '0', '2021-01-22 14:15:00', '500', '任务触发类型：Cron触发<br>调度机器：10.32.10.88<br>执行器-注册方式：手动录入<br>执行器-地址列表：[127.0.0.1:9222]<br>路由策略：第一个<br>阻塞处理策略：单机串行<br>任务超时时间：0<br>失败重试次数：0<br><br><span style=\"color:#00c0ef;\" > >>>>>>>>>>>触发调度<<<<<<<<<<< </span><br>触发调度：<br>address：127.0.0.1:9222<br>code：500<br>msg：xxl-rpc remoting error(no protocol: 127.0.0.1:9222/run), for url : 127.0.0.1:9222/run', null, '0', null, '1');
INSERT INTO `xxl_job_log` VALUES ('33', '2', '2', '127.0.0.1:9222', 'demoJobHandler', '', null, '0', '2021-01-22 14:16:00', '500', '任务触发类型：Cron触发<br>调度机器：10.32.10.88<br>执行器-注册方式：手动录入<br>执行器-地址列表：[127.0.0.1:9222]<br>路由策略：第一个<br>阻塞处理策略：单机串行<br>任务超时时间：0<br>失败重试次数：0<br><br><span style=\"color:#00c0ef;\" > >>>>>>>>>>>触发调度<<<<<<<<<<< </span><br>触发调度：<br>address：127.0.0.1:9222<br>code：500<br>msg：xxl-rpc remoting error(no protocol: 127.0.0.1:9222/run), for url : 127.0.0.1:9222/run', null, '0', null, '1');
INSERT INTO `xxl_job_log` VALUES ('34', '2', '2', '127.0.0.1:9222', 'demoJobHandler', '', null, '0', '2021-01-22 14:17:00', '500', '任务触发类型：Cron触发<br>调度机器：10.32.10.88<br>执行器-注册方式：手动录入<br>执行器-地址列表：[127.0.0.1:9222]<br>路由策略：第一个<br>阻塞处理策略：单机串行<br>任务超时时间：0<br>失败重试次数：0<br><br><span style=\"color:#00c0ef;\" > >>>>>>>>>>>触发调度<<<<<<<<<<< </span><br>触发调度：<br>address：127.0.0.1:9222<br>code：500<br>msg：xxl-rpc remoting error(no protocol: 127.0.0.1:9222/run), for url : 127.0.0.1:9222/run', null, '0', null, '1');
INSERT INTO `xxl_job_log` VALUES ('35', '2', '2', '127.0.0.1:9222', 'demoJobHandler', '', null, '0', '2021-01-22 14:18:00', '500', '任务触发类型：Cron触发<br>调度机器：10.32.10.88<br>执行器-注册方式：手动录入<br>执行器-地址列表：[127.0.0.1:9222]<br>路由策略：第一个<br>阻塞处理策略：单机串行<br>任务超时时间：0<br>失败重试次数：0<br><br><span style=\"color:#00c0ef;\" > >>>>>>>>>>>触发调度<<<<<<<<<<< </span><br>触发调度：<br>address：127.0.0.1:9222<br>code：500<br>msg：xxl-rpc remoting error(no protocol: 127.0.0.1:9222/run), for url : 127.0.0.1:9222/run', null, '0', null, '1');
INSERT INTO `xxl_job_log` VALUES ('36', '2', '2', '127.0.0.1:9222', 'demoJobHandler', '', null, '0', '2021-01-22 14:19:00', '500', '任务触发类型：Cron触发<br>调度机器：10.32.10.88<br>执行器-注册方式：手动录入<br>执行器-地址列表：[127.0.0.1:9222]<br>路由策略：第一个<br>阻塞处理策略：单机串行<br>任务超时时间：0<br>失败重试次数：0<br><br><span style=\"color:#00c0ef;\" > >>>>>>>>>>>触发调度<<<<<<<<<<< </span><br>触发调度：<br>address：127.0.0.1:9222<br>code：500<br>msg：xxl-rpc remoting error(no protocol: 127.0.0.1:9222/run), for url : 127.0.0.1:9222/run', null, '0', null, '1');
INSERT INTO `xxl_job_log` VALUES ('37', '2', '2', '127.0.0.1:9222', 'demoJobHandler', '', null, '0', '2021-01-22 14:20:00', '500', '任务触发类型：Cron触发<br>调度机器：10.32.10.88<br>执行器-注册方式：手动录入<br>执行器-地址列表：[127.0.0.1:9222]<br>路由策略：第一个<br>阻塞处理策略：单机串行<br>任务超时时间：0<br>失败重试次数：0<br><br><span style=\"color:#00c0ef;\" > >>>>>>>>>>>触发调度<<<<<<<<<<< </span><br>触发调度：<br>address：127.0.0.1:9222<br>code：500<br>msg：xxl-rpc remoting error(no protocol: 127.0.0.1:9222/run), for url : 127.0.0.1:9222/run', null, '0', null, '1');
INSERT INTO `xxl_job_log` VALUES ('38', '2', '2', '127.0.0.1:9222', 'demoJobHandler', '', null, '0', '2021-01-22 14:21:00', '500', '任务触发类型：Cron触发<br>调度机器：10.32.10.88<br>执行器-注册方式：手动录入<br>执行器-地址列表：[127.0.0.1:9222]<br>路由策略：第一个<br>阻塞处理策略：单机串行<br>任务超时时间：0<br>失败重试次数：0<br><br><span style=\"color:#00c0ef;\" > >>>>>>>>>>>触发调度<<<<<<<<<<< </span><br>触发调度：<br>address：127.0.0.1:9222<br>code：500<br>msg：xxl-rpc remoting error(no protocol: 127.0.0.1:9222/run), for url : 127.0.0.1:9222/run', null, '0', null, '1');
INSERT INTO `xxl_job_log` VALUES ('39', '2', '2', '127.0.0.1:9222', 'demoJobHandler', '', null, '0', '2021-01-22 14:22:00', '500', '任务触发类型：Cron触发<br>调度机器：10.32.10.88<br>执行器-注册方式：手动录入<br>执行器-地址列表：[127.0.0.1:9222]<br>路由策略：第一个<br>阻塞处理策略：单机串行<br>任务超时时间：0<br>失败重试次数：0<br><br><span style=\"color:#00c0ef;\" > >>>>>>>>>>>触发调度<<<<<<<<<<< </span><br>触发调度：<br>address：127.0.0.1:9222<br>code：500<br>msg：xxl-rpc remoting error(no protocol: 127.0.0.1:9222/run), for url : 127.0.0.1:9222/run', null, '0', null, '1');
INSERT INTO `xxl_job_log` VALUES ('40', '2', '2', '127.0.0.1:9222', 'demoJobHandler', '', null, '0', '2021-01-22 14:23:00', '500', '任务触发类型：Cron触发<br>调度机器：10.32.10.88<br>执行器-注册方式：手动录入<br>执行器-地址列表：[127.0.0.1:9222]<br>路由策略：第一个<br>阻塞处理策略：单机串行<br>任务超时时间：0<br>失败重试次数：0<br><br><span style=\"color:#00c0ef;\" > >>>>>>>>>>>触发调度<<<<<<<<<<< </span><br>触发调度：<br>address：127.0.0.1:9222<br>code：500<br>msg：xxl-rpc remoting error(no protocol: 127.0.0.1:9222/run), for url : 127.0.0.1:9222/run', null, '0', null, '1');
INSERT INTO `xxl_job_log` VALUES ('41', '2', '2', '127.0.0.1:9222', 'demoJobHandler', '', null, '0', '2021-01-22 14:24:00', '500', '任务触发类型：Cron触发<br>调度机器：10.32.10.88<br>执行器-注册方式：手动录入<br>执行器-地址列表：[127.0.0.1:9222]<br>路由策略：第一个<br>阻塞处理策略：单机串行<br>任务超时时间：0<br>失败重试次数：0<br><br><span style=\"color:#00c0ef;\" > >>>>>>>>>>>触发调度<<<<<<<<<<< </span><br>触发调度：<br>address：127.0.0.1:9222<br>code：500<br>msg：xxl-rpc remoting error(no protocol: 127.0.0.1:9222/run), for url : 127.0.0.1:9222/run', null, '0', null, '1');
INSERT INTO `xxl_job_log` VALUES ('42', '2', '2', '127.0.0.1:9222', 'demoJobHandler', '', null, '0', '2021-01-22 14:25:00', '500', '任务触发类型：Cron触发<br>调度机器：10.32.10.88<br>执行器-注册方式：手动录入<br>执行器-地址列表：[127.0.0.1:9222]<br>路由策略：第一个<br>阻塞处理策略：单机串行<br>任务超时时间：0<br>失败重试次数：0<br><br><span style=\"color:#00c0ef;\" > >>>>>>>>>>>触发调度<<<<<<<<<<< </span><br>触发调度：<br>address：127.0.0.1:9222<br>code：500<br>msg：xxl-rpc remoting error(no protocol: 127.0.0.1:9222/run), for url : 127.0.0.1:9222/run', null, '0', null, '1');
INSERT INTO `xxl_job_log` VALUES ('43', '2', '2', '127.0.0.1:9222', 'demoJobHandler', '', null, '0', '2021-01-22 14:26:00', '500', '任务触发类型：Cron触发<br>调度机器：10.32.10.88<br>执行器-注册方式：手动录入<br>执行器-地址列表：[127.0.0.1:9222]<br>路由策略：第一个<br>阻塞处理策略：单机串行<br>任务超时时间：0<br>失败重试次数：0<br><br><span style=\"color:#00c0ef;\" > >>>>>>>>>>>触发调度<<<<<<<<<<< </span><br>触发调度：<br>address：127.0.0.1:9222<br>code：500<br>msg：xxl-rpc remoting error(no protocol: 127.0.0.1:9222/run), for url : 127.0.0.1:9222/run', null, '0', null, '1');
INSERT INTO `xxl_job_log` VALUES ('44', '2', '2', '127.0.0.1:9222', 'demoJobHandler', '', null, '0', '2021-01-22 14:27:00', '500', '任务触发类型：Cron触发<br>调度机器：10.32.10.88<br>执行器-注册方式：手动录入<br>执行器-地址列表：[127.0.0.1:9222]<br>路由策略：第一个<br>阻塞处理策略：单机串行<br>任务超时时间：0<br>失败重试次数：0<br><br><span style=\"color:#00c0ef;\" > >>>>>>>>>>>触发调度<<<<<<<<<<< </span><br>触发调度：<br>address：127.0.0.1:9222<br>code：500<br>msg：xxl-rpc remoting error(no protocol: 127.0.0.1:9222/run), for url : 127.0.0.1:9222/run', null, '0', null, '1');
INSERT INTO `xxl_job_log` VALUES ('45', '2', '2', '127.0.0.1:9222', 'demoJobHandler', '', null, '0', '2021-01-22 14:28:00', '500', '任务触发类型：Cron触发<br>调度机器：10.32.10.88<br>执行器-注册方式：手动录入<br>执行器-地址列表：[127.0.0.1:9222]<br>路由策略：第一个<br>阻塞处理策略：单机串行<br>任务超时时间：0<br>失败重试次数：0<br><br><span style=\"color:#00c0ef;\" > >>>>>>>>>>>触发调度<<<<<<<<<<< </span><br>触发调度：<br>address：127.0.0.1:9222<br>code：500<br>msg：xxl-rpc remoting error(no protocol: 127.0.0.1:9222/run), for url : 127.0.0.1:9222/run', null, '0', null, '1');
INSERT INTO `xxl_job_log` VALUES ('46', '2', '2', '127.0.0.1:9222', 'demoJobHandler', '', null, '0', '2021-01-22 14:29:00', '500', '任务触发类型：Cron触发<br>调度机器：10.32.10.88<br>执行器-注册方式：手动录入<br>执行器-地址列表：[127.0.0.1:9222]<br>路由策略：第一个<br>阻塞处理策略：单机串行<br>任务超时时间：0<br>失败重试次数：0<br><br><span style=\"color:#00c0ef;\" > >>>>>>>>>>>触发调度<<<<<<<<<<< </span><br>触发调度：<br>address：127.0.0.1:9222<br>code：500<br>msg：xxl-rpc remoting error(no protocol: 127.0.0.1:9222/run), for url : 127.0.0.1:9222/run', null, '0', null, '1');
INSERT INTO `xxl_job_log` VALUES ('47', '2', '2', '127.0.0.1:9222', 'demoJobHandler', '', null, '0', '2021-01-22 14:30:00', '500', '任务触发类型：Cron触发<br>调度机器：10.32.10.88<br>执行器-注册方式：手动录入<br>执行器-地址列表：[127.0.0.1:9222]<br>路由策略：第一个<br>阻塞处理策略：单机串行<br>任务超时时间：0<br>失败重试次数：0<br><br><span style=\"color:#00c0ef;\" > >>>>>>>>>>>触发调度<<<<<<<<<<< </span><br>触发调度：<br>address：127.0.0.1:9222<br>code：500<br>msg：xxl-rpc remoting error(no protocol: 127.0.0.1:9222/run), for url : 127.0.0.1:9222/run', null, '0', null, '1');
INSERT INTO `xxl_job_log` VALUES ('48', '2', '2', '127.0.0.1:9222', 'demoJobHandler', '', null, '0', '2021-01-22 14:31:00', '500', '任务触发类型：Cron触发<br>调度机器：10.32.10.88<br>执行器-注册方式：手动录入<br>执行器-地址列表：[127.0.0.1:9222]<br>路由策略：第一个<br>阻塞处理策略：单机串行<br>任务超时时间：0<br>失败重试次数：0<br><br><span style=\"color:#00c0ef;\" > >>>>>>>>>>>触发调度<<<<<<<<<<< </span><br>触发调度：<br>address：127.0.0.1:9222<br>code：500<br>msg：xxl-rpc remoting error(no protocol: 127.0.0.1:9222/run), for url : 127.0.0.1:9222/run', null, '0', null, '1');
INSERT INTO `xxl_job_log` VALUES ('49', '2', '2', '127.0.0.1:9222', 'demoJobHandler', '', null, '0', '2021-01-22 14:32:00', '500', '任务触发类型：Cron触发<br>调度机器：10.32.10.88<br>执行器-注册方式：手动录入<br>执行器-地址列表：[127.0.0.1:9222]<br>路由策略：第一个<br>阻塞处理策略：单机串行<br>任务超时时间：0<br>失败重试次数：0<br><br><span style=\"color:#00c0ef;\" > >>>>>>>>>>>触发调度<<<<<<<<<<< </span><br>触发调度：<br>address：127.0.0.1:9222<br>code：500<br>msg：xxl-rpc remoting error(no protocol: 127.0.0.1:9222/run), for url : 127.0.0.1:9222/run', null, '0', null, '1');
INSERT INTO `xxl_job_log` VALUES ('50', '2', '2', '127.0.0.1:9222', 'demoJobHandler', '', null, '0', '2021-01-22 14:33:00', '500', '任务触发类型：Cron触发<br>调度机器：10.32.10.88<br>执行器-注册方式：手动录入<br>执行器-地址列表：[127.0.0.1:9222]<br>路由策略：第一个<br>阻塞处理策略：单机串行<br>任务超时时间：0<br>失败重试次数：0<br><br><span style=\"color:#00c0ef;\" > >>>>>>>>>>>触发调度<<<<<<<<<<< </span><br>触发调度：<br>address：127.0.0.1:9222<br>code：500<br>msg：xxl-rpc remoting error(no protocol: 127.0.0.1:9222/run), for url : 127.0.0.1:9222/run', null, '0', null, '1');
INSERT INTO `xxl_job_log` VALUES ('51', '2', '2', '127.0.0.1:9222', 'demoJobHandler', '', null, '0', '2021-01-22 14:34:00', '500', '任务触发类型：Cron触发<br>调度机器：10.32.10.88<br>执行器-注册方式：手动录入<br>执行器-地址列表：[127.0.0.1:9222]<br>路由策略：第一个<br>阻塞处理策略：单机串行<br>任务超时时间：0<br>失败重试次数：0<br><br><span style=\"color:#00c0ef;\" > >>>>>>>>>>>触发调度<<<<<<<<<<< </span><br>触发调度：<br>address：127.0.0.1:9222<br>code：500<br>msg：xxl-rpc remoting error(no protocol: 127.0.0.1:9222/run), for url : 127.0.0.1:9222/run', null, '0', null, '1');
INSERT INTO `xxl_job_log` VALUES ('52', '2', '2', '127.0.0.1:9222', 'demoJobHandler', '', null, '0', '2021-01-22 14:35:00', '500', '任务触发类型：Cron触发<br>调度机器：10.32.10.88<br>执行器-注册方式：手动录入<br>执行器-地址列表：[127.0.0.1:9222]<br>路由策略：第一个<br>阻塞处理策略：单机串行<br>任务超时时间：0<br>失败重试次数：0<br><br><span style=\"color:#00c0ef;\" > >>>>>>>>>>>触发调度<<<<<<<<<<< </span><br>触发调度：<br>address：127.0.0.1:9222<br>code：500<br>msg：xxl-rpc remoting error(no protocol: 127.0.0.1:9222/run), for url : 127.0.0.1:9222/run', null, '0', null, '1');
INSERT INTO `xxl_job_log` VALUES ('53', '2', '2', '127.0.0.1:9222', 'demoJobHandler', 'sss', null, '0', '2021-01-22 14:35:57', '500', '任务触发类型：手动触发<br>调度机器：10.32.10.88<br>执行器-注册方式：手动录入<br>执行器-地址列表：[127.0.0.1:9222]<br>路由策略：第一个<br>阻塞处理策略：单机串行<br>任务超时时间：0<br>失败重试次数：0<br><br><span style=\"color:#00c0ef;\" > >>>>>>>>>>>触发调度<<<<<<<<<<< </span><br>触发调度：<br>address：127.0.0.1:9222<br>code：500<br>msg：xxl-rpc remoting error(no protocol: 127.0.0.1:9222/run), for url : 127.0.0.1:9222/run', null, '0', null, '1');
INSERT INTO `xxl_job_log` VALUES ('54', '2', '2', '127.0.0.1:9222', 'demoJobHandler', '', null, '0', '2021-01-22 14:36:00', '500', '任务触发类型：Cron触发<br>调度机器：10.32.10.88<br>执行器-注册方式：手动录入<br>执行器-地址列表：[127.0.0.1:9222]<br>路由策略：第一个<br>阻塞处理策略：单机串行<br>任务超时时间：0<br>失败重试次数：0<br><br><span style=\"color:#00c0ef;\" > >>>>>>>>>>>触发调度<<<<<<<<<<< </span><br>触发调度：<br>address：127.0.0.1:9222<br>code：500<br>msg：xxl-rpc remoting error(no protocol: 127.0.0.1:9222/run), for url : 127.0.0.1:9222/run', null, '0', null, '1');
INSERT INTO `xxl_job_log` VALUES ('55', '2', '2', '127.0.0.1:9222', 'demoJobHandler', '', null, '0', '2021-01-22 14:37:00', '500', '任务触发类型：Cron触发<br>调度机器：10.32.10.88<br>执行器-注册方式：手动录入<br>执行器-地址列表：[127.0.0.1:9222]<br>路由策略：第一个<br>阻塞处理策略：单机串行<br>任务超时时间：0<br>失败重试次数：0<br><br><span style=\"color:#00c0ef;\" > >>>>>>>>>>>触发调度<<<<<<<<<<< </span><br>触发调度：<br>address：127.0.0.1:9222<br>code：500<br>msg：xxl-rpc remoting error(no protocol: 127.0.0.1:9222/run), for url : 127.0.0.1:9222/run', null, '0', null, '1');
INSERT INTO `xxl_job_log` VALUES ('56', '2', '2', '127.0.0.1:9222', 'demoJobHandler', '', null, '0', '2021-01-22 14:38:00', '500', '任务触发类型：Cron触发<br>调度机器：10.32.10.88<br>执行器-注册方式：手动录入<br>执行器-地址列表：[127.0.0.1:9222]<br>路由策略：第一个<br>阻塞处理策略：单机串行<br>任务超时时间：0<br>失败重试次数：0<br><br><span style=\"color:#00c0ef;\" > >>>>>>>>>>>触发调度<<<<<<<<<<< </span><br>触发调度：<br>address：127.0.0.1:9222<br>code：500<br>msg：xxl-rpc remoting error(no protocol: 127.0.0.1:9222/run), for url : 127.0.0.1:9222/run', null, '0', null, '1');
INSERT INTO `xxl_job_log` VALUES ('57', '2', '2', '127.0.0.1:9222', 'demoJobHandler', '', null, '0', '2021-01-22 14:39:00', '500', '任务触发类型：Cron触发<br>调度机器：10.32.10.88<br>执行器-注册方式：手动录入<br>执行器-地址列表：[127.0.0.1:9222]<br>路由策略：第一个<br>阻塞处理策略：单机串行<br>任务超时时间：0<br>失败重试次数：0<br><br><span style=\"color:#00c0ef;\" > >>>>>>>>>>>触发调度<<<<<<<<<<< </span><br>触发调度：<br>address：127.0.0.1:9222<br>code：500<br>msg：xxl-rpc remoting error(no protocol: 127.0.0.1:9222/run), for url : 127.0.0.1:9222/run', null, '0', null, '1');
INSERT INTO `xxl_job_log` VALUES ('58', '2', '2', '127.0.0.1:9222', 'demoJobHandler', '', null, '0', '2021-01-22 14:40:00', '500', '任务触发类型：Cron触发<br>调度机器：10.32.10.88<br>执行器-注册方式：手动录入<br>执行器-地址列表：[127.0.0.1:9222]<br>路由策略：第一个<br>阻塞处理策略：单机串行<br>任务超时时间：0<br>失败重试次数：0<br><br><span style=\"color:#00c0ef;\" > >>>>>>>>>>>触发调度<<<<<<<<<<< </span><br>触发调度：<br>address：127.0.0.1:9222<br>code：500<br>msg：xxl-rpc remoting error(no protocol: 127.0.0.1:9222/run), for url : 127.0.0.1:9222/run', null, '0', null, '1');
INSERT INTO `xxl_job_log` VALUES ('59', '2', '2', '127.0.0.1:9222', 'demoJobHandler', '1111', null, '0', '2021-01-22 14:40:08', '500', '任务触发类型：手动触发<br>调度机器：10.32.10.88<br>执行器-注册方式：手动录入<br>执行器-地址列表：[127.0.0.1:9222]<br>路由策略：第一个<br>阻塞处理策略：单机串行<br>任务超时时间：0<br>失败重试次数：0<br><br><span style=\"color:#00c0ef;\" > >>>>>>>>>>>触发调度<<<<<<<<<<< </span><br>触发调度：<br>address：127.0.0.1:9222<br>code：500<br>msg：xxl-rpc remoting error(no protocol: 127.0.0.1:9222/run), for url : 127.0.0.1:9222/run', null, '0', null, '1');
INSERT INTO `xxl_job_log` VALUES ('60', '2', '2', null, 'demoJobHandler', '222', null, '0', '2021-01-22 14:40:40', '500', '任务触发类型：手动触发<br>调度机器：10.32.10.88<br>执行器-注册方式：自动注册<br>执行器-地址列表：null<br>路由策略：第一个<br>阻塞处理策略：单机串行<br>任务超时时间：0<br>失败重试次数：0<br><br><span style=\"color:#00c0ef;\" > >>>>>>>>>>>触发调度<<<<<<<<<<< </span><br>调度失败：执行器地址为空<br><br>', null, '0', null, '1');
INSERT INTO `xxl_job_log` VALUES ('61', '2', '2', null, 'demoJobHandler', '', null, '0', '2021-01-22 14:41:00', '500', '任务触发类型：Cron触发<br>调度机器：10.32.10.88<br>执行器-注册方式：自动注册<br>执行器-地址列表：null<br>路由策略：第一个<br>阻塞处理策略：单机串行<br>任务超时时间：0<br>失败重试次数：0<br><br><span style=\"color:#00c0ef;\" > >>>>>>>>>>>触发调度<<<<<<<<<<< </span><br>调度失败：执行器地址为空<br><br>', null, '0', null, '1');
INSERT INTO `xxl_job_log` VALUES ('62', '2', '2', null, 'demoJobHandler', '', null, '0', '2021-01-22 14:42:00', '500', '任务触发类型：Cron触发<br>调度机器：10.32.10.88<br>执行器-注册方式：自动注册<br>执行器-地址列表：null<br>路由策略：第一个<br>阻塞处理策略：单机串行<br>任务超时时间：0<br>失败重试次数：0<br><br><span style=\"color:#00c0ef;\" > >>>>>>>>>>>触发调度<<<<<<<<<<< </span><br>调度失败：执行器地址为空<br><br>', null, '0', null, '1');
INSERT INTO `xxl_job_log` VALUES ('63', '1', '1', null, 'demoJobHandler', '1111', null, '0', '2021-01-22 14:42:43', '500', '任务触发类型：手动触发<br>调度机器：10.32.10.88<br>执行器-注册方式：自动注册<br>执行器-地址列表：null<br>路由策略：第一个<br>阻塞处理策略：单机串行<br>任务超时时间：0<br>失败重试次数：0<br><br><span style=\"color:#00c0ef;\" > >>>>>>>>>>>触发调度<<<<<<<<<<< </span><br>调度失败：执行器地址为空<br><br>', null, '0', null, '1');
INSERT INTO `xxl_job_log` VALUES ('64', '2', '2', null, 'demoJobHandler', '', null, '0', '2021-01-22 14:43:00', '500', '任务触发类型：Cron触发<br>调度机器：10.32.10.88<br>执行器-注册方式：自动注册<br>执行器-地址列表：null<br>路由策略：第一个<br>阻塞处理策略：单机串行<br>任务超时时间：0<br>失败重试次数：0<br><br><span style=\"color:#00c0ef;\" > >>>>>>>>>>>触发调度<<<<<<<<<<< </span><br>调度失败：执行器地址为空<br><br>', null, '0', null, '1');
INSERT INTO `xxl_job_log` VALUES ('65', '2', '2', null, 'demoJobHandler', '', null, '0', '2021-01-22 14:44:00', '500', '任务触发类型：Cron触发<br>调度机器：10.32.10.88<br>执行器-注册方式：自动注册<br>执行器-地址列表：null<br>路由策略：第一个<br>阻塞处理策略：单机串行<br>任务超时时间：0<br>失败重试次数：0<br><br><span style=\"color:#00c0ef;\" > >>>>>>>>>>>触发调度<<<<<<<<<<< </span><br>调度失败：执行器地址为空<br><br>', null, '0', null, '1');
INSERT INTO `xxl_job_log` VALUES ('66', '2', '2', null, 'demoJobHandler', '', null, '0', '2021-01-22 14:45:00', '500', '任务触发类型：Cron触发<br>调度机器：10.32.10.88<br>执行器-注册方式：自动注册<br>执行器-地址列表：null<br>路由策略：第一个<br>阻塞处理策略：单机串行<br>任务超时时间：0<br>失败重试次数：0<br><br><span style=\"color:#00c0ef;\" > >>>>>>>>>>>触发调度<<<<<<<<<<< </span><br>调度失败：执行器地址为空<br><br>', null, '0', null, '1');
INSERT INTO `xxl_job_log` VALUES ('67', '2', '2', null, 'demoJobHandler', '', null, '0', '2021-01-22 14:46:00', '500', '任务触发类型：Cron触发<br>调度机器：10.32.10.88<br>执行器-注册方式：自动注册<br>执行器-地址列表：null<br>路由策略：第一个<br>阻塞处理策略：单机串行<br>任务超时时间：0<br>失败重试次数：0<br><br><span style=\"color:#00c0ef;\" > >>>>>>>>>>>触发调度<<<<<<<<<<< </span><br>调度失败：执行器地址为空<br><br>', null, '0', null, '1');
INSERT INTO `xxl_job_log` VALUES ('68', '2', '2', null, 'demoJobHandler', '', null, '0', '2021-01-22 14:47:00', '500', '任务触发类型：Cron触发<br>调度机器：10.32.10.88<br>执行器-注册方式：自动注册<br>执行器-地址列表：null<br>路由策略：第一个<br>阻塞处理策略：单机串行<br>任务超时时间：0<br>失败重试次数：0<br><br><span style=\"color:#00c0ef;\" > >>>>>>>>>>>触发调度<<<<<<<<<<< </span><br>调度失败：执行器地址为空<br><br>', null, '0', null, '1');
INSERT INTO `xxl_job_log` VALUES ('69', '2', '2', null, 'demoJobHandler', '', null, '0', '2021-01-22 14:48:00', '500', '任务触发类型：Cron触发<br>调度机器：10.32.10.88<br>执行器-注册方式：自动注册<br>执行器-地址列表：null<br>路由策略：第一个<br>阻塞处理策略：单机串行<br>任务超时时间：0<br>失败重试次数：0<br><br><span style=\"color:#00c0ef;\" > >>>>>>>>>>>触发调度<<<<<<<<<<< </span><br>调度失败：执行器地址为空<br><br>', null, '0', null, '1');
INSERT INTO `xxl_job_log` VALUES ('70', '1', '1', null, 'demoJobHandler', 'www', null, '0', '2021-01-22 14:48:10', '500', '任务触发类型：手动触发<br>调度机器：10.32.10.88<br>执行器-注册方式：自动注册<br>执行器-地址列表：null<br>路由策略：第一个<br>阻塞处理策略：单机串行<br>任务超时时间：0<br>失败重试次数：0<br><br><span style=\"color:#00c0ef;\" > >>>>>>>>>>>触发调度<<<<<<<<<<< </span><br>调度失败：执行器地址为空<br><br>', null, '0', null, '1');
INSERT INTO `xxl_job_log` VALUES ('71', '1', '1', '127.0.0.1:9999', 'demoJobHandler', 'wwww', null, '0', '2021-01-22 14:48:45', '500', '任务触发类型：手动触发<br>调度机器：10.32.10.88<br>执行器-注册方式：手动录入<br>执行器-地址列表：[127.0.0.1:9999]<br>路由策略：第一个<br>阻塞处理策略：单机串行<br>任务超时时间：0<br>失败重试次数：0<br><br><span style=\"color:#00c0ef;\" > >>>>>>>>>>>触发调度<<<<<<<<<<< </span><br>触发调度：<br>address：127.0.0.1:9999<br>code：500<br>msg：xxl-rpc remoting error(no protocol: 127.0.0.1:9999/run), for url : 127.0.0.1:9999/run', null, '0', null, '1');
INSERT INTO `xxl_job_log` VALUES ('72', '2', '2', null, 'demoJobHandler', '', null, '0', '2021-01-22 14:49:00', '500', '任务触发类型：Cron触发<br>调度机器：10.32.10.88<br>执行器-注册方式：自动注册<br>执行器-地址列表：null<br>路由策略：第一个<br>阻塞处理策略：单机串行<br>任务超时时间：0<br>失败重试次数：0<br><br><span style=\"color:#00c0ef;\" > >>>>>>>>>>>触发调度<<<<<<<<<<< </span><br>调度失败：执行器地址为空<br><br>', null, '0', null, '1');
INSERT INTO `xxl_job_log` VALUES ('73', '2', '2', null, 'demoJobHandler', '', null, '0', '2021-01-22 14:50:00', '500', '任务触发类型：Cron触发<br>调度机器：10.32.10.88<br>执行器-注册方式：自动注册<br>执行器-地址列表：null<br>路由策略：第一个<br>阻塞处理策略：单机串行<br>任务超时时间：0<br>失败重试次数：0<br><br><span style=\"color:#00c0ef;\" > >>>>>>>>>>>触发调度<<<<<<<<<<< </span><br>调度失败：执行器地址为空<br><br>', null, '0', null, '1');
INSERT INTO `xxl_job_log` VALUES ('74', '2', '2', null, 'demoJobHandler', '', null, '0', '2021-01-22 14:51:00', '500', '任务触发类型：Cron触发<br>调度机器：10.32.10.88<br>执行器-注册方式：自动注册<br>执行器-地址列表：null<br>路由策略：第一个<br>阻塞处理策略：单机串行<br>任务超时时间：0<br>失败重试次数：0<br><br><span style=\"color:#00c0ef;\" > >>>>>>>>>>>触发调度<<<<<<<<<<< </span><br>调度失败：执行器地址为空<br><br>', null, '0', null, '1');
INSERT INTO `xxl_job_log` VALUES ('75', '2', '2', null, 'demoJobHandler', '', null, '0', '2021-01-22 14:52:00', '500', '任务触发类型：Cron触发<br>调度机器：10.32.10.88<br>执行器-注册方式：自动注册<br>执行器-地址列表：null<br>路由策略：第一个<br>阻塞处理策略：单机串行<br>任务超时时间：0<br>失败重试次数：0<br><br><span style=\"color:#00c0ef;\" > >>>>>>>>>>>触发调度<<<<<<<<<<< </span><br>调度失败：执行器地址为空<br><br>', null, '0', null, '1');
INSERT INTO `xxl_job_log` VALUES ('76', '2', '2', null, 'demoJobHandler', '', null, '0', '2021-01-22 14:53:00', '500', '任务触发类型：Cron触发<br>调度机器：10.32.10.88<br>执行器-注册方式：自动注册<br>执行器-地址列表：null<br>路由策略：第一个<br>阻塞处理策略：单机串行<br>任务超时时间：0<br>失败重试次数：0<br><br><span style=\"color:#00c0ef;\" > >>>>>>>>>>>触发调度<<<<<<<<<<< </span><br>调度失败：执行器地址为空<br><br>', null, '0', null, '1');
INSERT INTO `xxl_job_log` VALUES ('77', '2', '2', null, 'demoJobHandler', '', null, '0', '2021-01-22 14:54:00', '500', '任务触发类型：Cron触发<br>调度机器：10.32.10.88<br>执行器-注册方式：自动注册<br>执行器-地址列表：null<br>路由策略：第一个<br>阻塞处理策略：单机串行<br>任务超时时间：0<br>失败重试次数：0<br><br><span style=\"color:#00c0ef;\" > >>>>>>>>>>>触发调度<<<<<<<<<<< </span><br>调度失败：执行器地址为空<br><br>', null, '0', null, '1');
INSERT INTO `xxl_job_log` VALUES ('78', '2', '2', null, 'demoJobHandler', '', null, '0', '2021-01-22 14:55:00', '500', '任务触发类型：Cron触发<br>调度机器：10.32.10.88<br>执行器-注册方式：自动注册<br>执行器-地址列表：null<br>路由策略：第一个<br>阻塞处理策略：单机串行<br>任务超时时间：0<br>失败重试次数：0<br><br><span style=\"color:#00c0ef;\" > >>>>>>>>>>>触发调度<<<<<<<<<<< </span><br>调度失败：执行器地址为空<br><br>', null, '0', null, '1');
INSERT INTO `xxl_job_log` VALUES ('79', '1', '1', null, 'demoJobHandler', 'wwww', null, '0', '2021-01-22 14:55:15', '500', '任务触发类型：手动触发<br>调度机器：10.32.10.88<br>执行器-注册方式：自动注册<br>执行器-地址列表：null<br>路由策略：第一个<br>阻塞处理策略：单机串行<br>任务超时时间：0<br>失败重试次数：0<br><br><span style=\"color:#00c0ef;\" > >>>>>>>>>>>触发调度<<<<<<<<<<< </span><br>调度失败：执行器地址为空<br><br>', null, '0', null, '1');
INSERT INTO `xxl_job_log` VALUES ('80', '2', '2', null, 'demoJobHandler', '', null, '0', '2021-01-22 14:57:00', '500', '任务触发类型：Cron触发<br>调度机器：10.32.10.88<br>执行器-注册方式：自动注册<br>执行器-地址列表：null<br>路由策略：第一个<br>阻塞处理策略：单机串行<br>任务超时时间：0<br>失败重试次数：0<br><br><span style=\"color:#00c0ef;\" > >>>>>>>>>>>触发调度<<<<<<<<<<< </span><br>调度失败：执行器地址为空<br><br>', null, '0', null, '1');
INSERT INTO `xxl_job_log` VALUES ('81', '1', '1', 'http://10.32.10.88:9999/', 'demoJobHandler', 'aaaaa', null, '0', '2021-01-22 14:57:34', '500', '任务触发类型：手动触发<br>调度机器：10.32.10.88<br>执行器-注册方式：自动注册<br>执行器-地址列表：[http://10.32.10.88:9999/]<br>路由策略：第一个<br>阻塞处理策略：单机串行<br>任务超时时间：0<br>失败重试次数：0<br><br><span style=\"color:#00c0ef;\" > >>>>>>>>>>>触发调度<<<<<<<<<<< </span><br>触发调度：<br>address：http://10.32.10.88:9999/<br>code：500<br>msg：xxl-rpc remoting error(Read timed out), for url : http://10.32.10.88:9999/run', '2021-01-22 14:57:45', '500', 'web container destroy and kill the job. [job running, killed]', '1');
INSERT INTO `xxl_job_log` VALUES ('82', '2', '2', null, 'demoJobHandler', '', null, '0', '2021-01-22 14:58:00', '500', '任务触发类型：Cron触发<br>调度机器：10.32.10.88<br>执行器-注册方式：自动注册<br>执行器-地址列表：null<br>路由策略：第一个<br>阻塞处理策略：单机串行<br>任务超时时间：0<br>失败重试次数：0<br><br><span style=\"color:#00c0ef;\" > >>>>>>>>>>>触发调度<<<<<<<<<<< </span><br>调度失败：执行器地址为空<br><br>', null, '0', null, '1');
INSERT INTO `xxl_job_log` VALUES ('83', '2', '2', null, 'demoJobHandler', '', null, '0', '2021-01-22 14:59:00', '500', '任务触发类型：Cron触发<br>调度机器：10.32.10.88<br>执行器-注册方式：自动注册<br>执行器-地址列表：null<br>路由策略：第一个<br>阻塞处理策略：单机串行<br>任务超时时间：0<br>失败重试次数：0<br><br><span style=\"color:#00c0ef;\" > >>>>>>>>>>>触发调度<<<<<<<<<<< </span><br>调度失败：执行器地址为空<br><br>', null, '0', null, '1');
INSERT INTO `xxl_job_log` VALUES ('84', '2', '2', null, 'demoJobHandler', '', null, '0', '2021-01-22 15:00:00', '500', '任务触发类型：Cron触发<br>调度机器：10.32.10.88<br>执行器-注册方式：自动注册<br>执行器-地址列表：null<br>路由策略：第一个<br>阻塞处理策略：单机串行<br>任务超时时间：0<br>失败重试次数：0<br><br><span style=\"color:#00c0ef;\" > >>>>>>>>>>>触发调度<<<<<<<<<<< </span><br>调度失败：执行器地址为空<br><br>', null, '0', null, '1');
INSERT INTO `xxl_job_log` VALUES ('85', '2', '2', null, 'demoJobHandler', '', null, '0', '2021-01-22 15:01:00', '500', '任务触发类型：Cron触发<br>调度机器：10.32.10.88<br>执行器-注册方式：自动注册<br>执行器-地址列表：null<br>路由策略：第一个<br>阻塞处理策略：单机串行<br>任务超时时间：0<br>失败重试次数：0<br><br><span style=\"color:#00c0ef;\" > >>>>>>>>>>>触发调度<<<<<<<<<<< </span><br>调度失败：执行器地址为空<br><br>', null, '0', null, '1');
INSERT INTO `xxl_job_log` VALUES ('86', '2', '2', null, 'demoJobHandler', '', null, '0', '2021-01-22 15:02:00', '500', '任务触发类型：Cron触发<br>调度机器：10.32.10.88<br>执行器-注册方式：自动注册<br>执行器-地址列表：null<br>路由策略：第一个<br>阻塞处理策略：单机串行<br>任务超时时间：0<br>失败重试次数：0<br><br><span style=\"color:#00c0ef;\" > >>>>>>>>>>>触发调度<<<<<<<<<<< </span><br>调度失败：执行器地址为空<br><br>', null, '0', null, '1');
INSERT INTO `xxl_job_log` VALUES ('87', '2', '2', null, 'demoJobHandler', '', null, '0', '2021-01-22 15:03:00', '500', '任务触发类型：Cron触发<br>调度机器：10.32.10.88<br>执行器-注册方式：自动注册<br>执行器-地址列表：null<br>路由策略：第一个<br>阻塞处理策略：单机串行<br>任务超时时间：0<br>失败重试次数：0<br><br><span style=\"color:#00c0ef;\" > >>>>>>>>>>>触发调度<<<<<<<<<<< </span><br>调度失败：执行器地址为空<br><br>', null, '0', null, '1');
INSERT INTO `xxl_job_log` VALUES ('88', '2', '2', null, 'demoJobHandler', '', null, '0', '2021-01-22 15:04:00', '500', '任务触发类型：Cron触发<br>调度机器：10.32.10.88<br>执行器-注册方式：自动注册<br>执行器-地址列表：null<br>路由策略：第一个<br>阻塞处理策略：单机串行<br>任务超时时间：0<br>失败重试次数：0<br><br><span style=\"color:#00c0ef;\" > >>>>>>>>>>>触发调度<<<<<<<<<<< </span><br>调度失败：执行器地址为空<br><br>', null, '0', null, '1');
INSERT INTO `xxl_job_log` VALUES ('89', '2', '2', null, 'demoJobHandler', 'apple', null, '0', '2021-01-22 15:05:00', '500', '任务触发类型：手动触发<br>调度机器：10.32.10.88<br>执行器-注册方式：自动注册<br>执行器-地址列表：null<br>路由策略：第一个<br>阻塞处理策略：单机串行<br>任务超时时间：0<br>失败重试次数：0<br><br><span style=\"color:#00c0ef;\" > >>>>>>>>>>>触发调度<<<<<<<<<<< </span><br>调度失败：执行器地址为空<br><br>', null, '0', null, '1');
INSERT INTO `xxl_job_log` VALUES ('90', '2', '2', null, 'demoJobHandler', '', null, '0', '2021-01-22 15:05:00', '500', '任务触发类型：Cron触发<br>调度机器：10.32.10.88<br>执行器-注册方式：自动注册<br>执行器-地址列表：null<br>路由策略：第一个<br>阻塞处理策略：单机串行<br>任务超时时间：0<br>失败重试次数：0<br><br><span style=\"color:#00c0ef;\" > >>>>>>>>>>>触发调度<<<<<<<<<<< </span><br>调度失败：执行器地址为空<br><br>', null, '0', null, '1');
INSERT INTO `xxl_job_log` VALUES ('91', '2', '2', null, 'demoJobHandler', 'wwwwwwwwww', null, '0', '2021-01-22 15:05:24', '500', '任务触发类型：手动触发<br>调度机器：10.32.10.88<br>执行器-注册方式：自动注册<br>执行器-地址列表：null<br>路由策略：第一个<br>阻塞处理策略：单机串行<br>任务超时时间：0<br>失败重试次数：0<br><br><span style=\"color:#00c0ef;\" > >>>>>>>>>>>触发调度<<<<<<<<<<< </span><br>调度失败：执行器地址为空<br><br>', null, '0', null, '1');
INSERT INTO `xxl_job_log` VALUES ('92', '2', '2', '127.0.0.1:2222', 'demoJobHandler', '', null, '0', '2021-01-22 15:06:00', '500', '任务触发类型：Cron触发<br>调度机器：10.32.10.88<br>执行器-注册方式：手动录入<br>执行器-地址列表：[127.0.0.1:2222]<br>路由策略：第一个<br>阻塞处理策略：单机串行<br>任务超时时间：0<br>失败重试次数：0<br><br><span style=\"color:#00c0ef;\" > >>>>>>>>>>>触发调度<<<<<<<<<<< </span><br>触发调度：<br>address：127.0.0.1:2222<br>code：500<br>msg：xxl-rpc remoting error(no protocol: 127.0.0.1:2222/run), for url : 127.0.0.1:2222/run', null, '0', null, '1');
INSERT INTO `xxl_job_log` VALUES ('93', '2', '2', '127.0.0.1:2222', 'demoJobHandler', 'wwww', null, '0', '2021-01-22 15:06:14', '500', '任务触发类型：手动触发<br>调度机器：10.32.10.88<br>执行器-注册方式：手动录入<br>执行器-地址列表：[127.0.0.1:2222]<br>路由策略：第一个<br>阻塞处理策略：单机串行<br>任务超时时间：0<br>失败重试次数：0<br><br><span style=\"color:#00c0ef;\" > >>>>>>>>>>>触发调度<<<<<<<<<<< </span><br>触发调度：<br>address：127.0.0.1:2222<br>code：500<br>msg：xxl-rpc remoting error(no protocol: 127.0.0.1:2222/run), for url : 127.0.0.1:2222/run', null, '0', null, '1');
INSERT INTO `xxl_job_log` VALUES ('94', '2', '2', '127.0.0.1:2222', 'demoJobHandler', '', null, '0', '2021-01-22 15:07:00', '500', '任务触发类型：Cron触发<br>调度机器：10.32.10.88<br>执行器-注册方式：手动录入<br>执行器-地址列表：[127.0.0.1:2222]<br>路由策略：第一个<br>阻塞处理策略：单机串行<br>任务超时时间：0<br>失败重试次数：0<br><br><span style=\"color:#00c0ef;\" > >>>>>>>>>>>触发调度<<<<<<<<<<< </span><br>触发调度：<br>address：127.0.0.1:2222<br>code：500<br>msg：xxl-rpc remoting error(no protocol: 127.0.0.1:2222/run), for url : 127.0.0.1:2222/run', null, '0', null, '1');
INSERT INTO `xxl_job_log` VALUES ('95', '2', '2', '127.0.0.1:2222', 'demoJobHandler', '', null, '0', '2021-01-22 15:08:00', '500', '任务触发类型：Cron触发<br>调度机器：10.32.10.88<br>执行器-注册方式：手动录入<br>执行器-地址列表：[127.0.0.1:2222]<br>路由策略：第一个<br>阻塞处理策略：单机串行<br>任务超时时间：0<br>失败重试次数：0<br><br><span style=\"color:#00c0ef;\" > >>>>>>>>>>>触发调度<<<<<<<<<<< </span><br>触发调度：<br>address：127.0.0.1:2222<br>code：500<br>msg：xxl-rpc remoting error(no protocol: 127.0.0.1:2222/run), for url : 127.0.0.1:2222/run', null, '0', null, '1');
INSERT INTO `xxl_job_log` VALUES ('96', '2', '2', '127.0.0.1:2222', 'demoJobHandler', '', null, '0', '2021-01-22 15:09:00', '500', '任务触发类型：Cron触发<br>调度机器：10.32.10.88<br>执行器-注册方式：手动录入<br>执行器-地址列表：[127.0.0.1:2222]<br>路由策略：第一个<br>阻塞处理策略：单机串行<br>任务超时时间：0<br>失败重试次数：0<br><br><span style=\"color:#00c0ef;\" > >>>>>>>>>>>触发调度<<<<<<<<<<< </span><br>触发调度：<br>address：127.0.0.1:2222<br>code：500<br>msg：xxl-rpc remoting error(no protocol: 127.0.0.1:2222/run), for url : 127.0.0.1:2222/run', null, '0', null, '1');
INSERT INTO `xxl_job_log` VALUES ('97', '2', '2', '127.0.0.1:2222', 'demoJobHandler', '', null, '0', '2021-01-22 15:10:00', '500', '任务触发类型：Cron触发<br>调度机器：10.32.10.88<br>执行器-注册方式：手动录入<br>执行器-地址列表：[127.0.0.1:2222]<br>路由策略：第一个<br>阻塞处理策略：单机串行<br>任务超时时间：0<br>失败重试次数：0<br><br><span style=\"color:#00c0ef;\" > >>>>>>>>>>>触发调度<<<<<<<<<<< </span><br>触发调度：<br>address：127.0.0.1:2222<br>code：500<br>msg：xxl-rpc remoting error(no protocol: 127.0.0.1:2222/run), for url : 127.0.0.1:2222/run', null, '0', null, '1');
INSERT INTO `xxl_job_log` VALUES ('98', '2', '2', '127.0.0.1:2222', 'demoJobHandler', '', null, '0', '2021-01-22 15:14:00', '500', '任务触发类型：Cron触发<br>调度机器：10.32.10.88<br>执行器-注册方式：手动录入<br>执行器-地址列表：[127.0.0.1:2222]<br>路由策略：第一个<br>阻塞处理策略：单机串行<br>任务超时时间：0<br>失败重试次数：0<br><br><span style=\"color:#00c0ef;\" > >>>>>>>>>>>触发调度<<<<<<<<<<< </span><br>触发调度：<br>address：127.0.0.1:2222<br>code：500<br>msg：xxl-rpc remoting error(no protocol: 127.0.0.1:2222/run), for url : 127.0.0.1:2222/run', null, '0', null, '1');
INSERT INTO `xxl_job_log` VALUES ('99', '2', '2', '127.0.0.1:2222', 'demoJobHandler', '', null, '0', '2021-01-22 15:15:00', '500', '任务触发类型：Cron触发<br>调度机器：10.32.10.88<br>执行器-注册方式：手动录入<br>执行器-地址列表：[127.0.0.1:2222]<br>路由策略：第一个<br>阻塞处理策略：单机串行<br>任务超时时间：0<br>失败重试次数：0<br><br><span style=\"color:#00c0ef;\" > >>>>>>>>>>>触发调度<<<<<<<<<<< </span><br>触发调度：<br>address：127.0.0.1:2222<br>code：500<br>msg：xxl-rpc remoting error(no protocol: 127.0.0.1:2222/run), for url : 127.0.0.1:2222/run', null, '0', null, '1');
INSERT INTO `xxl_job_log` VALUES ('100', '2', '2', '127.0.0.1:2222', 'demoJobHandler', '111', null, '0', '2021-01-22 15:15:22', '500', '任务触发类型：手动触发<br>调度机器：10.32.10.88<br>执行器-注册方式：手动录入<br>执行器-地址列表：[127.0.0.1:2222]<br>路由策略：第一个<br>阻塞处理策略：单机串行<br>任务超时时间：0<br>失败重试次数：0<br><br><span style=\"color:#00c0ef;\" > >>>>>>>>>>>触发调度<<<<<<<<<<< </span><br>触发调度：<br>address：127.0.0.1:2222<br>code：500<br>msg：xxl-rpc remoting error(no protocol: 127.0.0.1:2222/run), for url : 127.0.0.1:2222/run', null, '0', null, '1');
INSERT INTO `xxl_job_log` VALUES ('101', '2', '2', null, 'demoJobHandler', '11111111', null, '0', '2021-01-22 15:15:43', '500', '任务触发类型：手动触发<br>调度机器：10.32.10.88<br>执行器-注册方式：自动注册<br>执行器-地址列表：null<br>路由策略：第一个<br>阻塞处理策略：单机串行<br>任务超时时间：0<br>失败重试次数：0<br><br><span style=\"color:#00c0ef;\" > >>>>>>>>>>>触发调度<<<<<<<<<<< </span><br>调度失败：执行器地址为空<br><br>', null, '0', null, '1');
INSERT INTO `xxl_job_log` VALUES ('102', '2', '2', null, 'demoJobHandler', '', null, '0', '2021-01-22 15:16:00', '500', '任务触发类型：Cron触发<br>调度机器：10.32.10.88<br>执行器-注册方式：自动注册<br>执行器-地址列表：null<br>路由策略：第一个<br>阻塞处理策略：单机串行<br>任务超时时间：0<br>失败重试次数：0<br><br><span style=\"color:#00c0ef;\" > >>>>>>>>>>>触发调度<<<<<<<<<<< </span><br>调度失败：执行器地址为空<br><br>', null, '0', null, '1');
INSERT INTO `xxl_job_log` VALUES ('103', '2', '2', null, 'demoJobHandler', '', null, '0', '2021-01-22 15:19:00', '500', '任务触发类型：Cron触发<br>调度机器：10.32.10.88<br>执行器-注册方式：自动注册<br>执行器-地址列表：null<br>路由策略：第一个<br>阻塞处理策略：单机串行<br>任务超时时间：0<br>失败重试次数：0<br><br><span style=\"color:#00c0ef;\" > >>>>>>>>>>>触发调度<<<<<<<<<<< </span><br>调度失败：执行器地址为空<br><br>', null, '0', null, '1');
INSERT INTO `xxl_job_log` VALUES ('104', '2', '2', null, 'demoJobHandler', '', null, '0', '2021-01-22 15:20:00', '500', '任务触发类型：Cron触发<br>调度机器：10.32.10.88<br>执行器-注册方式：自动注册<br>执行器-地址列表：null<br>路由策略：第一个<br>阻塞处理策略：单机串行<br>任务超时时间：0<br>失败重试次数：0<br><br><span style=\"color:#00c0ef;\" > >>>>>>>>>>>触发调度<<<<<<<<<<< </span><br>调度失败：执行器地址为空<br><br>', null, '0', null, '1');
INSERT INTO `xxl_job_log` VALUES ('105', '2', '2', null, 'demoJobHandler', '', null, '0', '2021-01-22 15:21:00', '500', '任务触发类型：Cron触发<br>调度机器：10.32.10.88<br>执行器-注册方式：自动注册<br>执行器-地址列表：null<br>路由策略：第一个<br>阻塞处理策略：单机串行<br>任务超时时间：0<br>失败重试次数：0<br><br><span style=\"color:#00c0ef;\" > >>>>>>>>>>>触发调度<<<<<<<<<<< </span><br>调度失败：执行器地址为空<br><br>', null, '0', null, '1');
INSERT INTO `xxl_job_log` VALUES ('106', '1', '1', 'http://10.32.10.88:9999/', 'demoJobHandler', 'ww', null, '0', '2021-01-22 15:21:15', '500', '任务触发类型：手动触发<br>调度机器：10.32.10.88<br>执行器-注册方式：自动注册<br>执行器-地址列表：[http://10.32.10.88:9999/]<br>路由策略：第一个<br>阻塞处理策略：单机串行<br>任务超时时间：0<br>失败重试次数：0<br><br><span style=\"color:#00c0ef;\" > >>>>>>>>>>>触发调度<<<<<<<<<<< </span><br>触发调度：<br>address：http://10.32.10.88:9999/<br>code：500<br>msg：xxl-rpc remoting error(Read timed out), for url : http://10.32.10.88:9999/run', '2021-01-22 15:21:29', '200', '', '1');
INSERT INTO `xxl_job_log` VALUES ('107', '2', '2', null, 'demoJobHandler', '', null, '0', '2021-01-22 15:22:00', '500', '任务触发类型：Cron触发<br>调度机器：10.32.10.88<br>执行器-注册方式：自动注册<br>执行器-地址列表：null<br>路由策略：第一个<br>阻塞处理策略：单机串行<br>任务超时时间：0<br>失败重试次数：0<br><br><span style=\"color:#00c0ef;\" > >>>>>>>>>>>触发调度<<<<<<<<<<< </span><br>调度失败：执行器地址为空<br><br>', null, '0', null, '1');
INSERT INTO `xxl_job_log` VALUES ('108', '2', '2', null, 'demoJobHandler', '', null, '0', '2021-01-22 15:23:00', '500', '任务触发类型：Cron触发<br>调度机器：10.32.10.88<br>执行器-注册方式：自动注册<br>执行器-地址列表：null<br>路由策略：第一个<br>阻塞处理策略：单机串行<br>任务超时时间：0<br>失败重试次数：0<br><br><span style=\"color:#00c0ef;\" > >>>>>>>>>>>触发调度<<<<<<<<<<< </span><br>调度失败：执行器地址为空<br><br>', null, '0', null, '1');
INSERT INTO `xxl_job_log` VALUES ('109', '2', '2', null, 'demoJobHandler', '', null, '0', '2021-01-22 15:24:00', '500', '任务触发类型：Cron触发<br>调度机器：10.32.10.88<br>执行器-注册方式：自动注册<br>执行器-地址列表：null<br>路由策略：第一个<br>阻塞处理策略：单机串行<br>任务超时时间：0<br>失败重试次数：0<br><br><span style=\"color:#00c0ef;\" > >>>>>>>>>>>触发调度<<<<<<<<<<< </span><br>调度失败：执行器地址为空<br><br>', null, '0', null, '1');
INSERT INTO `xxl_job_log` VALUES ('110', '2', '2', null, 'demoJobHandler', '', null, '0', '2021-01-22 15:25:00', '500', '任务触发类型：Cron触发<br>调度机器：10.32.10.88<br>执行器-注册方式：自动注册<br>执行器-地址列表：null<br>路由策略：第一个<br>阻塞处理策略：单机串行<br>任务超时时间：0<br>失败重试次数：0<br><br><span style=\"color:#00c0ef;\" > >>>>>>>>>>>触发调度<<<<<<<<<<< </span><br>调度失败：执行器地址为空<br><br>', null, '0', null, '1');
INSERT INTO `xxl_job_log` VALUES ('111', '2', '2', null, 'demoJobHandler', '', null, '0', '2021-01-22 15:26:00', '500', '任务触发类型：Cron触发<br>调度机器：10.32.10.88<br>执行器-注册方式：自动注册<br>执行器-地址列表：null<br>路由策略：第一个<br>阻塞处理策略：单机串行<br>任务超时时间：0<br>失败重试次数：0<br><br><span style=\"color:#00c0ef;\" > >>>>>>>>>>>触发调度<<<<<<<<<<< </span><br>调度失败：执行器地址为空<br><br>', null, '0', null, '1');
INSERT INTO `xxl_job_log` VALUES ('112', '2', '2', null, 'demoJobHandler', '', null, '0', '2021-01-22 15:27:00', '500', '任务触发类型：Cron触发<br>调度机器：10.32.10.88<br>执行器-注册方式：自动注册<br>执行器-地址列表：null<br>路由策略：第一个<br>阻塞处理策略：单机串行<br>任务超时时间：0<br>失败重试次数：0<br><br><span style=\"color:#00c0ef;\" > >>>>>>>>>>>触发调度<<<<<<<<<<< </span><br>调度失败：执行器地址为空<br><br>', null, '0', null, '1');
INSERT INTO `xxl_job_log` VALUES ('113', '2', '2', null, 'demoJobHandler', '', null, '0', '2021-01-22 15:28:00', '500', '任务触发类型：Cron触发<br>调度机器：10.32.10.88<br>执行器-注册方式：自动注册<br>执行器-地址列表：null<br>路由策略：第一个<br>阻塞处理策略：单机串行<br>任务超时时间：0<br>失败重试次数：0<br><br><span style=\"color:#00c0ef;\" > >>>>>>>>>>>触发调度<<<<<<<<<<< </span><br>调度失败：执行器地址为空<br><br>', null, '0', null, '1');
INSERT INTO `xxl_job_log` VALUES ('114', '2', '2', null, 'demoJobHandler', '', null, '0', '2021-01-22 15:29:00', '500', '任务触发类型：Cron触发<br>调度机器：10.32.10.88<br>执行器-注册方式：自动注册<br>执行器-地址列表：null<br>路由策略：第一个<br>阻塞处理策略：单机串行<br>任务超时时间：0<br>失败重试次数：0<br><br><span style=\"color:#00c0ef;\" > >>>>>>>>>>>触发调度<<<<<<<<<<< </span><br>调度失败：执行器地址为空<br><br>', null, '0', null, '1');
INSERT INTO `xxl_job_log` VALUES ('115', '2', '2', null, 'demoJobHandler', '', null, '0', '2021-01-22 15:30:00', '500', '任务触发类型：Cron触发<br>调度机器：10.32.10.88<br>执行器-注册方式：自动注册<br>执行器-地址列表：null<br>路由策略：第一个<br>阻塞处理策略：单机串行<br>任务超时时间：0<br>失败重试次数：0<br><br><span style=\"color:#00c0ef;\" > >>>>>>>>>>>触发调度<<<<<<<<<<< </span><br>调度失败：执行器地址为空<br><br>', null, '0', null, '1');
INSERT INTO `xxl_job_log` VALUES ('116', '2', '2', null, 'demoJobHandler', '', null, '0', '2021-01-22 15:31:00', '500', '任务触发类型：Cron触发<br>调度机器：10.32.10.88<br>执行器-注册方式：自动注册<br>执行器-地址列表：null<br>路由策略：第一个<br>阻塞处理策略：单机串行<br>任务超时时间：0<br>失败重试次数：0<br><br><span style=\"color:#00c0ef;\" > >>>>>>>>>>>触发调度<<<<<<<<<<< </span><br>调度失败：执行器地址为空<br><br>', null, '0', null, '1');
INSERT INTO `xxl_job_log` VALUES ('117', '2', '2', null, 'demoJobHandler', '', null, '0', '2021-01-22 15:32:00', '500', '任务触发类型：Cron触发<br>调度机器：10.32.10.88<br>执行器-注册方式：自动注册<br>执行器-地址列表：null<br>路由策略：第一个<br>阻塞处理策略：单机串行<br>任务超时时间：0<br>失败重试次数：0<br><br><span style=\"color:#00c0ef;\" > >>>>>>>>>>>触发调度<<<<<<<<<<< </span><br>调度失败：执行器地址为空<br><br>', null, '0', null, '1');
INSERT INTO `xxl_job_log` VALUES ('118', '2', '2', null, 'demoJobHandler', '', null, '0', '2021-01-22 15:33:00', '500', '任务触发类型：Cron触发<br>调度机器：10.32.10.88<br>执行器-注册方式：自动注册<br>执行器-地址列表：null<br>路由策略：第一个<br>阻塞处理策略：单机串行<br>任务超时时间：0<br>失败重试次数：0<br><br><span style=\"color:#00c0ef;\" > >>>>>>>>>>>触发调度<<<<<<<<<<< </span><br>调度失败：执行器地址为空<br><br>', null, '0', null, '1');
INSERT INTO `xxl_job_log` VALUES ('119', '2', '2', null, 'demoJobHandler', '', null, '0', '2021-01-22 15:34:00', '500', '任务触发类型：Cron触发<br>调度机器：10.32.10.88<br>执行器-注册方式：自动注册<br>执行器-地址列表：null<br>路由策略：第一个<br>阻塞处理策略：单机串行<br>任务超时时间：0<br>失败重试次数：0<br><br><span style=\"color:#00c0ef;\" > >>>>>>>>>>>触发调度<<<<<<<<<<< </span><br>调度失败：执行器地址为空<br><br>', null, '0', null, '1');
INSERT INTO `xxl_job_log` VALUES ('120', '2', '2', null, 'demoJobHandler', '', null, '0', '2021-01-22 15:35:00', '500', '任务触发类型：Cron触发<br>调度机器：10.32.10.88<br>执行器-注册方式：自动注册<br>执行器-地址列表：null<br>路由策略：第一个<br>阻塞处理策略：单机串行<br>任务超时时间：0<br>失败重试次数：0<br><br><span style=\"color:#00c0ef;\" > >>>>>>>>>>>触发调度<<<<<<<<<<< </span><br>调度失败：执行器地址为空<br><br>', null, '0', null, '1');
INSERT INTO `xxl_job_log` VALUES ('121', '2', '2', null, 'demoJobHandler', '', null, '0', '2021-01-22 15:36:00', '500', '任务触发类型：Cron触发<br>调度机器：10.32.10.88<br>执行器-注册方式：自动注册<br>执行器-地址列表：null<br>路由策略：第一个<br>阻塞处理策略：单机串行<br>任务超时时间：0<br>失败重试次数：0<br><br><span style=\"color:#00c0ef;\" > >>>>>>>>>>>触发调度<<<<<<<<<<< </span><br>调度失败：执行器地址为空<br><br>', null, '0', null, '1');
INSERT INTO `xxl_job_log` VALUES ('122', '2', '2', null, 'demoJobHandler', '', null, '0', '2021-01-22 15:37:00', '500', '任务触发类型：Cron触发<br>调度机器：10.32.10.88<br>执行器-注册方式：自动注册<br>执行器-地址列表：null<br>路由策略：第一个<br>阻塞处理策略：单机串行<br>任务超时时间：0<br>失败重试次数：0<br><br><span style=\"color:#00c0ef;\" > >>>>>>>>>>>触发调度<<<<<<<<<<< </span><br>调度失败：执行器地址为空<br><br>', null, '0', null, '1');
INSERT INTO `xxl_job_log` VALUES ('123', '2', '2', null, 'demoJobHandler', '', null, '0', '2021-01-22 15:38:00', '500', '任务触发类型：Cron触发<br>调度机器：10.32.10.88<br>执行器-注册方式：自动注册<br>执行器-地址列表：null<br>路由策略：第一个<br>阻塞处理策略：单机串行<br>任务超时时间：0<br>失败重试次数：0<br><br><span style=\"color:#00c0ef;\" > >>>>>>>>>>>触发调度<<<<<<<<<<< </span><br>调度失败：执行器地址为空<br><br>', null, '0', null, '1');
INSERT INTO `xxl_job_log` VALUES ('124', '2', '2', null, 'demoJobHandler', '', null, '0', '2021-01-22 15:39:00', '500', '任务触发类型：Cron触发<br>调度机器：10.32.10.88<br>执行器-注册方式：自动注册<br>执行器-地址列表：null<br>路由策略：第一个<br>阻塞处理策略：单机串行<br>任务超时时间：0<br>失败重试次数：0<br><br><span style=\"color:#00c0ef;\" > >>>>>>>>>>>触发调度<<<<<<<<<<< </span><br>调度失败：执行器地址为空<br><br>', null, '0', null, '1');
INSERT INTO `xxl_job_log` VALUES ('125', '2', '2', null, 'demoJobHandler', '', null, '0', '2021-01-22 15:40:00', '500', '任务触发类型：Cron触发<br>调度机器：10.32.10.88<br>执行器-注册方式：自动注册<br>执行器-地址列表：null<br>路由策略：第一个<br>阻塞处理策略：单机串行<br>任务超时时间：0<br>失败重试次数：0<br><br><span style=\"color:#00c0ef;\" > >>>>>>>>>>>触发调度<<<<<<<<<<< </span><br>调度失败：执行器地址为空<br><br>', null, '0', null, '1');
INSERT INTO `xxl_job_log` VALUES ('126', '2', '2', null, 'demoJobHandler', '', null, '0', '2021-01-22 15:41:00', '500', '任务触发类型：Cron触发<br>调度机器：10.32.10.88<br>执行器-注册方式：自动注册<br>执行器-地址列表：null<br>路由策略：第一个<br>阻塞处理策略：单机串行<br>任务超时时间：0<br>失败重试次数：0<br><br><span style=\"color:#00c0ef;\" > >>>>>>>>>>>触发调度<<<<<<<<<<< </span><br>调度失败：执行器地址为空<br><br>', null, '0', null, '1');
INSERT INTO `xxl_job_log` VALUES ('127', '2', '2', null, 'demoJobHandler', '', null, '0', '2021-01-22 15:42:00', '500', '任务触发类型：Cron触发<br>调度机器：10.32.10.88<br>执行器-注册方式：自动注册<br>执行器-地址列表：null<br>路由策略：第一个<br>阻塞处理策略：单机串行<br>任务超时时间：0<br>失败重试次数：0<br><br><span style=\"color:#00c0ef;\" > >>>>>>>>>>>触发调度<<<<<<<<<<< </span><br>调度失败：执行器地址为空<br><br>', null, '0', null, '1');
INSERT INTO `xxl_job_log` VALUES ('128', '2', '2', null, 'demoJobHandler', '', null, '0', '2021-01-22 15:43:00', '500', '任务触发类型：Cron触发<br>调度机器：10.32.10.88<br>执行器-注册方式：自动注册<br>执行器-地址列表：null<br>路由策略：第一个<br>阻塞处理策略：单机串行<br>任务超时时间：0<br>失败重试次数：0<br><br><span style=\"color:#00c0ef;\" > >>>>>>>>>>>触发调度<<<<<<<<<<< </span><br>调度失败：执行器地址为空<br><br>', null, '0', null, '1');
INSERT INTO `xxl_job_log` VALUES ('129', '2', '2', null, 'demoJobHandler', '', null, '0', '2021-01-22 15:44:00', '500', '任务触发类型：Cron触发<br>调度机器：10.32.10.88<br>执行器-注册方式：自动注册<br>执行器-地址列表：null<br>路由策略：第一个<br>阻塞处理策略：单机串行<br>任务超时时间：0<br>失败重试次数：0<br><br><span style=\"color:#00c0ef;\" > >>>>>>>>>>>触发调度<<<<<<<<<<< </span><br>调度失败：执行器地址为空<br><br>', null, '0', null, '1');
INSERT INTO `xxl_job_log` VALUES ('130', '2', '2', null, 'demoJobHandler', '', null, '0', '2021-01-22 15:45:00', '500', '任务触发类型：Cron触发<br>调度机器：10.32.10.88<br>执行器-注册方式：自动注册<br>执行器-地址列表：null<br>路由策略：第一个<br>阻塞处理策略：单机串行<br>任务超时时间：0<br>失败重试次数：0<br><br><span style=\"color:#00c0ef;\" > >>>>>>>>>>>触发调度<<<<<<<<<<< </span><br>调度失败：执行器地址为空<br><br>', null, '0', null, '1');
INSERT INTO `xxl_job_log` VALUES ('131', '2', '2', null, 'demoJobHandler', '', null, '0', '2021-01-22 15:46:00', '500', '任务触发类型：Cron触发<br>调度机器：10.32.10.88<br>执行器-注册方式：自动注册<br>执行器-地址列表：null<br>路由策略：第一个<br>阻塞处理策略：单机串行<br>任务超时时间：0<br>失败重试次数：0<br><br><span style=\"color:#00c0ef;\" > >>>>>>>>>>>触发调度<<<<<<<<<<< </span><br>调度失败：执行器地址为空<br><br>', null, '0', null, '1');
INSERT INTO `xxl_job_log` VALUES ('132', '2', '2', null, 'demoJobHandler', '', null, '0', '2021-01-22 15:47:00', '500', '任务触发类型：Cron触发<br>调度机器：10.32.10.88<br>执行器-注册方式：自动注册<br>执行器-地址列表：null<br>路由策略：第一个<br>阻塞处理策略：单机串行<br>任务超时时间：0<br>失败重试次数：0<br><br><span style=\"color:#00c0ef;\" > >>>>>>>>>>>触发调度<<<<<<<<<<< </span><br>调度失败：执行器地址为空<br><br>', null, '0', null, '1');
INSERT INTO `xxl_job_log` VALUES ('133', '2', '2', null, 'demoJobHandler', '', null, '0', '2021-01-22 15:48:00', '500', '任务触发类型：Cron触发<br>调度机器：10.32.10.88<br>执行器-注册方式：自动注册<br>执行器-地址列表：null<br>路由策略：第一个<br>阻塞处理策略：单机串行<br>任务超时时间：0<br>失败重试次数：0<br><br><span style=\"color:#00c0ef;\" > >>>>>>>>>>>触发调度<<<<<<<<<<< </span><br>调度失败：执行器地址为空<br><br>', null, '0', null, '1');
INSERT INTO `xxl_job_log` VALUES ('134', '2', '2', null, 'demoJobHandler', '', null, '0', '2021-01-22 15:49:00', '500', '任务触发类型：Cron触发<br>调度机器：10.32.10.88<br>执行器-注册方式：自动注册<br>执行器-地址列表：null<br>路由策略：第一个<br>阻塞处理策略：单机串行<br>任务超时时间：0<br>失败重试次数：0<br><br><span style=\"color:#00c0ef;\" > >>>>>>>>>>>触发调度<<<<<<<<<<< </span><br>调度失败：执行器地址为空<br><br>', null, '0', null, '1');
INSERT INTO `xxl_job_log` VALUES ('135', '2', '2', null, 'demoJobHandler', '', null, '0', '2021-01-22 15:50:00', '500', '任务触发类型：Cron触发<br>调度机器：10.32.10.88<br>执行器-注册方式：自动注册<br>执行器-地址列表：null<br>路由策略：第一个<br>阻塞处理策略：单机串行<br>任务超时时间：0<br>失败重试次数：0<br><br><span style=\"color:#00c0ef;\" > >>>>>>>>>>>触发调度<<<<<<<<<<< </span><br>调度失败：执行器地址为空<br><br>', null, '0', null, '1');
INSERT INTO `xxl_job_log` VALUES ('136', '2', '2', null, 'demoJobHandler', '', null, '0', '2021-01-22 15:51:00', '500', '任务触发类型：Cron触发<br>调度机器：10.32.10.88<br>执行器-注册方式：自动注册<br>执行器-地址列表：null<br>路由策略：第一个<br>阻塞处理策略：单机串行<br>任务超时时间：0<br>失败重试次数：0<br><br><span style=\"color:#00c0ef;\" > >>>>>>>>>>>触发调度<<<<<<<<<<< </span><br>调度失败：执行器地址为空<br><br>', null, '0', null, '1');
INSERT INTO `xxl_job_log` VALUES ('137', '2', '2', null, 'demoJobHandler', '', null, '0', '2021-01-25 11:24:00', '500', '任务触发类型：Cron触发<br>调度机器：10.32.10.88<br>执行器-注册方式：自动注册<br>执行器-地址列表：null<br>路由策略：第一个<br>阻塞处理策略：单机串行<br>任务超时时间：0<br>失败重试次数：0<br><br><span style=\"color:#00c0ef;\" > >>>>>>>>>>>触发调度<<<<<<<<<<< </span><br>调度失败：执行器地址为空<br><br>', null, '0', null, '1');
INSERT INTO `xxl_job_log` VALUES ('138', '2', '2', null, 'demoJobHandler', '', null, '0', '2021-01-25 11:25:00', '500', '任务触发类型：Cron触发<br>调度机器：10.32.10.88<br>执行器-注册方式：自动注册<br>执行器-地址列表：null<br>路由策略：第一个<br>阻塞处理策略：单机串行<br>任务超时时间：0<br>失败重试次数：0<br><br><span style=\"color:#00c0ef;\" > >>>>>>>>>>>触发调度<<<<<<<<<<< </span><br>调度失败：执行器地址为空<br><br>', null, '0', null, '1');
INSERT INTO `xxl_job_log` VALUES ('139', '2', '2', null, 'demoJobHandler', '', null, '0', '2021-01-25 11:26:00', '500', '任务触发类型：Cron触发<br>调度机器：10.32.10.88<br>执行器-注册方式：自动注册<br>执行器-地址列表：null<br>路由策略：第一个<br>阻塞处理策略：单机串行<br>任务超时时间：0<br>失败重试次数：0<br><br><span style=\"color:#00c0ef;\" > >>>>>>>>>>>触发调度<<<<<<<<<<< </span><br>调度失败：执行器地址为空<br><br>', null, '0', null, '1');
INSERT INTO `xxl_job_log` VALUES ('140', '2', '2', null, 'demoJobHandler', '', null, '0', '2021-01-25 11:27:00', '500', '任务触发类型：Cron触发<br>调度机器：10.32.10.88<br>执行器-注册方式：自动注册<br>执行器-地址列表：null<br>路由策略：第一个<br>阻塞处理策略：单机串行<br>任务超时时间：0<br>失败重试次数：0<br><br><span style=\"color:#00c0ef;\" > >>>>>>>>>>>触发调度<<<<<<<<<<< </span><br>调度失败：执行器地址为空<br><br>', null, '0', null, '1');
INSERT INTO `xxl_job_log` VALUES ('141', '2', '2', null, 'demoJobHandler', '', null, '0', '2021-01-25 11:28:00', '500', '任务触发类型：Cron触发<br>调度机器：10.32.10.88<br>执行器-注册方式：自动注册<br>执行器-地址列表：null<br>路由策略：第一个<br>阻塞处理策略：单机串行<br>任务超时时间：0<br>失败重试次数：0<br><br><span style=\"color:#00c0ef;\" > >>>>>>>>>>>触发调度<<<<<<<<<<< </span><br>调度失败：执行器地址为空<br><br>', null, '0', null, '1');
INSERT INTO `xxl_job_log` VALUES ('142', '2', '2', null, 'demoJobHandler', '', null, '0', '2021-01-25 11:29:00', '500', '任务触发类型：Cron触发<br>调度机器：10.32.10.88<br>执行器-注册方式：自动注册<br>执行器-地址列表：null<br>路由策略：第一个<br>阻塞处理策略：单机串行<br>任务超时时间：0<br>失败重试次数：0<br><br><span style=\"color:#00c0ef;\" > >>>>>>>>>>>触发调度<<<<<<<<<<< </span><br>调度失败：执行器地址为空<br><br>', null, '0', null, '1');
INSERT INTO `xxl_job_log` VALUES ('143', '2', '2', null, 'demoJobHandler', '', null, '0', '2021-01-25 11:30:00', '500', '任务触发类型：Cron触发<br>调度机器：10.32.10.88<br>执行器-注册方式：自动注册<br>执行器-地址列表：null<br>路由策略：第一个<br>阻塞处理策略：单机串行<br>任务超时时间：0<br>失败重试次数：0<br><br><span style=\"color:#00c0ef;\" > >>>>>>>>>>>触发调度<<<<<<<<<<< </span><br>调度失败：执行器地址为空<br><br>', null, '0', null, '1');
INSERT INTO `xxl_job_log` VALUES ('144', '2', '2', null, 'demoJobHandler', '', null, '0', '2021-01-25 11:31:00', '500', '任务触发类型：Cron触发<br>调度机器：10.32.10.88<br>执行器-注册方式：自动注册<br>执行器-地址列表：null<br>路由策略：第一个<br>阻塞处理策略：单机串行<br>任务超时时间：0<br>失败重试次数：0<br><br><span style=\"color:#00c0ef;\" > >>>>>>>>>>>触发调度<<<<<<<<<<< </span><br>调度失败：执行器地址为空<br><br>', null, '0', null, '1');
INSERT INTO `xxl_job_log` VALUES ('145', '2', '2', null, 'demoJobHandler', '', null, '0', '2021-01-25 11:32:00', '500', '任务触发类型：Cron触发<br>调度机器：10.32.10.88<br>执行器-注册方式：自动注册<br>执行器-地址列表：null<br>路由策略：第一个<br>阻塞处理策略：单机串行<br>任务超时时间：0<br>失败重试次数：0<br><br><span style=\"color:#00c0ef;\" > >>>>>>>>>>>触发调度<<<<<<<<<<< </span><br>调度失败：执行器地址为空<br><br>', null, '0', null, '1');
INSERT INTO `xxl_job_log` VALUES ('146', '2', '2', null, 'demoJobHandler', '', null, '0', '2021-01-25 11:33:00', '500', '任务触发类型：Cron触发<br>调度机器：10.32.10.88<br>执行器-注册方式：自动注册<br>执行器-地址列表：null<br>路由策略：第一个<br>阻塞处理策略：单机串行<br>任务超时时间：0<br>失败重试次数：0<br><br><span style=\"color:#00c0ef;\" > >>>>>>>>>>>触发调度<<<<<<<<<<< </span><br>调度失败：执行器地址为空<br><br>', null, '0', null, '1');
INSERT INTO `xxl_job_log` VALUES ('147', '2', '2', null, 'demoJobHandler', '', null, '0', '2021-01-25 11:34:00', '500', '任务触发类型：Cron触发<br>调度机器：10.32.10.88<br>执行器-注册方式：自动注册<br>执行器-地址列表：null<br>路由策略：第一个<br>阻塞处理策略：单机串行<br>任务超时时间：0<br>失败重试次数：0<br><br><span style=\"color:#00c0ef;\" > >>>>>>>>>>>触发调度<<<<<<<<<<< </span><br>调度失败：执行器地址为空<br><br>', null, '0', null, '1');
INSERT INTO `xxl_job_log` VALUES ('148', '2', '2', null, 'demoJobHandler', '', null, '0', '2021-01-25 11:35:00', '500', '任务触发类型：Cron触发<br>调度机器：10.32.10.88<br>执行器-注册方式：自动注册<br>执行器-地址列表：null<br>路由策略：第一个<br>阻塞处理策略：单机串行<br>任务超时时间：0<br>失败重试次数：0<br><br><span style=\"color:#00c0ef;\" > >>>>>>>>>>>触发调度<<<<<<<<<<< </span><br>调度失败：执行器地址为空<br><br>', null, '0', null, '1');
INSERT INTO `xxl_job_log` VALUES ('149', '2', '2', null, 'demoJobHandler', '', null, '0', '2021-01-25 11:36:00', '500', '任务触发类型：Cron触发<br>调度机器：10.32.10.88<br>执行器-注册方式：自动注册<br>执行器-地址列表：null<br>路由策略：第一个<br>阻塞处理策略：单机串行<br>任务超时时间：0<br>失败重试次数：0<br><br><span style=\"color:#00c0ef;\" > >>>>>>>>>>>触发调度<<<<<<<<<<< </span><br>调度失败：执行器地址为空<br><br>', null, '0', null, '1');
INSERT INTO `xxl_job_log` VALUES ('150', '2', '2', null, 'demoJobHandler', '', null, '0', '2021-01-25 11:37:00', '500', '任务触发类型：Cron触发<br>调度机器：10.32.10.88<br>执行器-注册方式：自动注册<br>执行器-地址列表：null<br>路由策略：第一个<br>阻塞处理策略：单机串行<br>任务超时时间：0<br>失败重试次数：0<br><br><span style=\"color:#00c0ef;\" > >>>>>>>>>>>触发调度<<<<<<<<<<< </span><br>调度失败：执行器地址为空<br><br>', null, '0', null, '1');
INSERT INTO `xxl_job_log` VALUES ('151', '2', '2', null, 'demoJobHandler', '', null, '0', '2021-01-25 11:38:00', '500', '任务触发类型：Cron触发<br>调度机器：10.32.10.88<br>执行器-注册方式：自动注册<br>执行器-地址列表：null<br>路由策略：第一个<br>阻塞处理策略：单机串行<br>任务超时时间：0<br>失败重试次数：0<br><br><span style=\"color:#00c0ef;\" > >>>>>>>>>>>触发调度<<<<<<<<<<< </span><br>调度失败：执行器地址为空<br><br>', null, '0', null, '1');
INSERT INTO `xxl_job_log` VALUES ('152', '2', '2', null, 'demoJobHandler', '', null, '0', '2021-01-25 11:39:00', '500', '任务触发类型：Cron触发<br>调度机器：10.32.10.88<br>执行器-注册方式：自动注册<br>执行器-地址列表：null<br>路由策略：第一个<br>阻塞处理策略：单机串行<br>任务超时时间：0<br>失败重试次数：0<br><br><span style=\"color:#00c0ef;\" > >>>>>>>>>>>触发调度<<<<<<<<<<< </span><br>调度失败：执行器地址为空<br><br>', null, '0', null, '1');
INSERT INTO `xxl_job_log` VALUES ('153', '2', '2', null, 'demoJobHandler', '', null, '0', '2021-01-25 11:40:00', '500', '任务触发类型：Cron触发<br>调度机器：10.32.10.88<br>执行器-注册方式：自动注册<br>执行器-地址列表：null<br>路由策略：第一个<br>阻塞处理策略：单机串行<br>任务超时时间：0<br>失败重试次数：0<br><br><span style=\"color:#00c0ef;\" > >>>>>>>>>>>触发调度<<<<<<<<<<< </span><br>调度失败：执行器地址为空<br><br>', null, '0', null, '1');
INSERT INTO `xxl_job_log` VALUES ('154', '2', '2', null, 'demoJobHandler', '', null, '0', '2021-01-25 11:41:00', '500', '任务触发类型：Cron触发<br>调度机器：10.32.10.88<br>执行器-注册方式：自动注册<br>执行器-地址列表：null<br>路由策略：第一个<br>阻塞处理策略：单机串行<br>任务超时时间：0<br>失败重试次数：0<br><br><span style=\"color:#00c0ef;\" > >>>>>>>>>>>触发调度<<<<<<<<<<< </span><br>调度失败：执行器地址为空<br><br>', null, '0', null, '1');
INSERT INTO `xxl_job_log` VALUES ('155', '2', '2', null, 'demoJobHandler', '', null, '0', '2021-01-25 11:42:00', '500', '任务触发类型：Cron触发<br>调度机器：10.32.10.88<br>执行器-注册方式：自动注册<br>执行器-地址列表：null<br>路由策略：第一个<br>阻塞处理策略：单机串行<br>任务超时时间：0<br>失败重试次数：0<br><br><span style=\"color:#00c0ef;\" > >>>>>>>>>>>触发调度<<<<<<<<<<< </span><br>调度失败：执行器地址为空<br><br>', null, '0', null, '1');
INSERT INTO `xxl_job_log` VALUES ('156', '2', '2', null, 'demoJobHandler', '', null, '0', '2021-01-25 11:43:00', '500', '任务触发类型：Cron触发<br>调度机器：10.32.10.88<br>执行器-注册方式：自动注册<br>执行器-地址列表：null<br>路由策略：第一个<br>阻塞处理策略：单机串行<br>任务超时时间：0<br>失败重试次数：0<br><br><span style=\"color:#00c0ef;\" > >>>>>>>>>>>触发调度<<<<<<<<<<< </span><br>调度失败：执行器地址为空<br><br>', null, '0', null, '1');
INSERT INTO `xxl_job_log` VALUES ('157', '2', '2', null, 'demoJobHandler', '', null, '0', '2021-01-25 11:44:00', '500', '任务触发类型：Cron触发<br>调度机器：10.32.10.88<br>执行器-注册方式：自动注册<br>执行器-地址列表：null<br>路由策略：第一个<br>阻塞处理策略：单机串行<br>任务超时时间：0<br>失败重试次数：0<br><br><span style=\"color:#00c0ef;\" > >>>>>>>>>>>触发调度<<<<<<<<<<< </span><br>调度失败：执行器地址为空<br><br>', null, '0', null, '1');
INSERT INTO `xxl_job_log` VALUES ('158', '2', '2', null, 'demoJobHandler', '', null, '0', '2021-01-25 11:45:00', '500', '任务触发类型：Cron触发<br>调度机器：10.32.10.88<br>执行器-注册方式：自动注册<br>执行器-地址列表：null<br>路由策略：第一个<br>阻塞处理策略：单机串行<br>任务超时时间：0<br>失败重试次数：0<br><br><span style=\"color:#00c0ef;\" > >>>>>>>>>>>触发调度<<<<<<<<<<< </span><br>调度失败：执行器地址为空<br><br>', null, '0', null, '1');
INSERT INTO `xxl_job_log` VALUES ('159', '2', '2', null, 'demoJobHandler', '', null, '0', '2021-01-25 11:46:00', '500', '任务触发类型：Cron触发<br>调度机器：10.32.10.88<br>执行器-注册方式：自动注册<br>执行器-地址列表：null<br>路由策略：第一个<br>阻塞处理策略：单机串行<br>任务超时时间：0<br>失败重试次数：0<br><br><span style=\"color:#00c0ef;\" > >>>>>>>>>>>触发调度<<<<<<<<<<< </span><br>调度失败：执行器地址为空<br><br>', null, '0', null, '1');
INSERT INTO `xxl_job_log` VALUES ('160', '2', '2', null, 'demoJobHandler', '', null, '0', '2021-01-25 11:47:00', '500', '任务触发类型：Cron触发<br>调度机器：10.32.10.88<br>执行器-注册方式：自动注册<br>执行器-地址列表：null<br>路由策略：第一个<br>阻塞处理策略：单机串行<br>任务超时时间：0<br>失败重试次数：0<br><br><span style=\"color:#00c0ef;\" > >>>>>>>>>>>触发调度<<<<<<<<<<< </span><br>调度失败：执行器地址为空<br><br>', null, '0', null, '1');
INSERT INTO `xxl_job_log` VALUES ('161', '2', '2', null, 'demoJobHandler', '', null, '0', '2021-01-25 11:48:00', '500', '任务触发类型：Cron触发<br>调度机器：10.32.10.88<br>执行器-注册方式：自动注册<br>执行器-地址列表：null<br>路由策略：第一个<br>阻塞处理策略：单机串行<br>任务超时时间：0<br>失败重试次数：0<br><br><span style=\"color:#00c0ef;\" > >>>>>>>>>>>触发调度<<<<<<<<<<< </span><br>调度失败：执行器地址为空<br><br>', null, '0', null, '1');
INSERT INTO `xxl_job_log` VALUES ('162', '2', '2', null, 'demoJobHandler', '', null, '0', '2021-01-25 11:49:00', '500', '任务触发类型：Cron触发<br>调度机器：10.32.10.88<br>执行器-注册方式：自动注册<br>执行器-地址列表：null<br>路由策略：第一个<br>阻塞处理策略：单机串行<br>任务超时时间：0<br>失败重试次数：0<br><br><span style=\"color:#00c0ef;\" > >>>>>>>>>>>触发调度<<<<<<<<<<< </span><br>调度失败：执行器地址为空<br><br>', null, '0', null, '1');
INSERT INTO `xxl_job_log` VALUES ('163', '2', '2', null, 'demoJobHandler', '', null, '0', '2021-01-25 11:50:00', '500', '任务触发类型：Cron触发<br>调度机器：10.32.10.88<br>执行器-注册方式：自动注册<br>执行器-地址列表：null<br>路由策略：第一个<br>阻塞处理策略：单机串行<br>任务超时时间：0<br>失败重试次数：0<br><br><span style=\"color:#00c0ef;\" > >>>>>>>>>>>触发调度<<<<<<<<<<< </span><br>调度失败：执行器地址为空<br><br>', null, '0', null, '1');
INSERT INTO `xxl_job_log` VALUES ('164', '2', '2', null, 'demoJobHandler', '', null, '0', '2021-01-25 11:51:00', '500', '任务触发类型：Cron触发<br>调度机器：10.32.10.88<br>执行器-注册方式：自动注册<br>执行器-地址列表：null<br>路由策略：第一个<br>阻塞处理策略：单机串行<br>任务超时时间：0<br>失败重试次数：0<br><br><span style=\"color:#00c0ef;\" > >>>>>>>>>>>触发调度<<<<<<<<<<< </span><br>调度失败：执行器地址为空<br><br>', null, '0', null, '1');
INSERT INTO `xxl_job_log` VALUES ('165', '2', '2', null, 'demoJobHandler', '', null, '0', '2021-01-25 11:52:00', '500', '任务触发类型：Cron触发<br>调度机器：10.32.10.88<br>执行器-注册方式：自动注册<br>执行器-地址列表：null<br>路由策略：第一个<br>阻塞处理策略：单机串行<br>任务超时时间：0<br>失败重试次数：0<br><br><span style=\"color:#00c0ef;\" > >>>>>>>>>>>触发调度<<<<<<<<<<< </span><br>调度失败：执行器地址为空<br><br>', null, '0', null, '1');
INSERT INTO `xxl_job_log` VALUES ('166', '2', '2', null, 'demoJobHandler', '', null, '0', '2021-01-25 11:53:00', '500', '任务触发类型：Cron触发<br>调度机器：10.32.10.88<br>执行器-注册方式：自动注册<br>执行器-地址列表：null<br>路由策略：第一个<br>阻塞处理策略：单机串行<br>任务超时时间：0<br>失败重试次数：0<br><br><span style=\"color:#00c0ef;\" > >>>>>>>>>>>触发调度<<<<<<<<<<< </span><br>调度失败：执行器地址为空<br><br>', null, '0', null, '1');
INSERT INTO `xxl_job_log` VALUES ('167', '2', '2', null, 'demoJobHandler', '', null, '0', '2021-01-25 11:54:00', '500', '任务触发类型：Cron触发<br>调度机器：10.32.10.88<br>执行器-注册方式：自动注册<br>执行器-地址列表：null<br>路由策略：第一个<br>阻塞处理策略：单机串行<br>任务超时时间：0<br>失败重试次数：0<br><br><span style=\"color:#00c0ef;\" > >>>>>>>>>>>触发调度<<<<<<<<<<< </span><br>调度失败：执行器地址为空<br><br>', null, '0', null, '1');
INSERT INTO `xxl_job_log` VALUES ('168', '2', '2', null, 'demoJobHandler', '', null, '0', '2021-01-25 11:55:00', '500', '任务触发类型：Cron触发<br>调度机器：10.32.10.88<br>执行器-注册方式：自动注册<br>执行器-地址列表：null<br>路由策略：第一个<br>阻塞处理策略：单机串行<br>任务超时时间：0<br>失败重试次数：0<br><br><span style=\"color:#00c0ef;\" > >>>>>>>>>>>触发调度<<<<<<<<<<< </span><br>调度失败：执行器地址为空<br><br>', null, '0', null, '1');
INSERT INTO `xxl_job_log` VALUES ('169', '2', '2', null, 'demoJobHandler', '', null, '0', '2021-01-25 11:56:00', '500', '任务触发类型：Cron触发<br>调度机器：10.32.10.88<br>执行器-注册方式：自动注册<br>执行器-地址列表：null<br>路由策略：第一个<br>阻塞处理策略：单机串行<br>任务超时时间：0<br>失败重试次数：0<br><br><span style=\"color:#00c0ef;\" > >>>>>>>>>>>触发调度<<<<<<<<<<< </span><br>调度失败：执行器地址为空<br><br>', null, '0', null, '1');
INSERT INTO `xxl_job_log` VALUES ('170', '2', '2', null, 'demoJobHandler', '', null, '0', '2021-01-25 11:57:00', '500', '任务触发类型：Cron触发<br>调度机器：10.32.10.88<br>执行器-注册方式：自动注册<br>执行器-地址列表：null<br>路由策略：第一个<br>阻塞处理策略：单机串行<br>任务超时时间：0<br>失败重试次数：0<br><br><span style=\"color:#00c0ef;\" > >>>>>>>>>>>触发调度<<<<<<<<<<< </span><br>调度失败：执行器地址为空<br><br>', null, '0', null, '1');
INSERT INTO `xxl_job_log` VALUES ('171', '2', '2', null, 'demoJobHandler', '', null, '0', '2021-01-25 11:58:00', '500', '任务触发类型：Cron触发<br>调度机器：10.32.10.88<br>执行器-注册方式：自动注册<br>执行器-地址列表：null<br>路由策略：第一个<br>阻塞处理策略：单机串行<br>任务超时时间：0<br>失败重试次数：0<br><br><span style=\"color:#00c0ef;\" > >>>>>>>>>>>触发调度<<<<<<<<<<< </span><br>调度失败：执行器地址为空<br><br>', null, '0', null, '1');
INSERT INTO `xxl_job_log` VALUES ('172', '2', '2', null, 'demoJobHandler', '', null, '0', '2021-01-25 11:59:00', '500', '任务触发类型：Cron触发<br>调度机器：10.32.10.88<br>执行器-注册方式：自动注册<br>执行器-地址列表：null<br>路由策略：第一个<br>阻塞处理策略：单机串行<br>任务超时时间：0<br>失败重试次数：0<br><br><span style=\"color:#00c0ef;\" > >>>>>>>>>>>触发调度<<<<<<<<<<< </span><br>调度失败：执行器地址为空<br><br>', null, '0', null, '1');
INSERT INTO `xxl_job_log` VALUES ('173', '2', '2', null, 'demoJobHandler', '', null, '0', '2021-01-25 12:00:00', '500', '任务触发类型：Cron触发<br>调度机器：10.32.10.88<br>执行器-注册方式：自动注册<br>执行器-地址列表：null<br>路由策略：第一个<br>阻塞处理策略：单机串行<br>任务超时时间：0<br>失败重试次数：0<br><br><span style=\"color:#00c0ef;\" > >>>>>>>>>>>触发调度<<<<<<<<<<< </span><br>调度失败：执行器地址为空<br><br>', null, '0', null, '1');
INSERT INTO `xxl_job_log` VALUES ('174', '2', '2', null, 'demoJobHandler', '', null, '0', '2021-01-25 12:01:00', '500', '任务触发类型：Cron触发<br>调度机器：10.32.10.88<br>执行器-注册方式：自动注册<br>执行器-地址列表：null<br>路由策略：第一个<br>阻塞处理策略：单机串行<br>任务超时时间：0<br>失败重试次数：0<br><br><span style=\"color:#00c0ef;\" > >>>>>>>>>>>触发调度<<<<<<<<<<< </span><br>调度失败：执行器地址为空<br><br>', null, '0', null, '1');
INSERT INTO `xxl_job_log` VALUES ('175', '2', '2', null, 'demoJobHandler', '', null, '0', '2021-01-25 12:02:00', '500', '任务触发类型：Cron触发<br>调度机器：10.32.10.88<br>执行器-注册方式：自动注册<br>执行器-地址列表：null<br>路由策略：第一个<br>阻塞处理策略：单机串行<br>任务超时时间：0<br>失败重试次数：0<br><br><span style=\"color:#00c0ef;\" > >>>>>>>>>>>触发调度<<<<<<<<<<< </span><br>调度失败：执行器地址为空<br><br>', null, '0', null, '1');
INSERT INTO `xxl_job_log` VALUES ('176', '2', '2', null, 'demoJobHandler', '', null, '0', '2021-01-25 12:03:00', '500', '任务触发类型：Cron触发<br>调度机器：10.32.10.88<br>执行器-注册方式：自动注册<br>执行器-地址列表：null<br>路由策略：第一个<br>阻塞处理策略：单机串行<br>任务超时时间：0<br>失败重试次数：0<br><br><span style=\"color:#00c0ef;\" > >>>>>>>>>>>触发调度<<<<<<<<<<< </span><br>调度失败：执行器地址为空<br><br>', null, '0', null, '1');
INSERT INTO `xxl_job_log` VALUES ('177', '2', '2', null, 'demoJobHandler', '', null, '0', '2021-01-25 12:04:00', '500', '任务触发类型：Cron触发<br>调度机器：10.32.10.88<br>执行器-注册方式：自动注册<br>执行器-地址列表：null<br>路由策略：第一个<br>阻塞处理策略：单机串行<br>任务超时时间：0<br>失败重试次数：0<br><br><span style=\"color:#00c0ef;\" > >>>>>>>>>>>触发调度<<<<<<<<<<< </span><br>调度失败：执行器地址为空<br><br>', null, '0', null, '1');
INSERT INTO `xxl_job_log` VALUES ('178', '2', '2', null, 'demoJobHandler', '', null, '0', '2021-01-25 12:05:00', '500', '任务触发类型：Cron触发<br>调度机器：10.32.10.88<br>执行器-注册方式：自动注册<br>执行器-地址列表：null<br>路由策略：第一个<br>阻塞处理策略：单机串行<br>任务超时时间：0<br>失败重试次数：0<br><br><span style=\"color:#00c0ef;\" > >>>>>>>>>>>触发调度<<<<<<<<<<< </span><br>调度失败：执行器地址为空<br><br>', null, '0', null, '1');
INSERT INTO `xxl_job_log` VALUES ('179', '2', '2', null, 'demoJobHandler', '', null, '0', '2021-01-25 12:06:00', '500', '任务触发类型：Cron触发<br>调度机器：10.32.10.88<br>执行器-注册方式：自动注册<br>执行器-地址列表：null<br>路由策略：第一个<br>阻塞处理策略：单机串行<br>任务超时时间：0<br>失败重试次数：0<br><br><span style=\"color:#00c0ef;\" > >>>>>>>>>>>触发调度<<<<<<<<<<< </span><br>调度失败：执行器地址为空<br><br>', null, '0', null, '1');
INSERT INTO `xxl_job_log` VALUES ('180', '2', '2', null, 'demoJobHandler', '', null, '0', '2021-01-25 12:07:00', '500', '任务触发类型：Cron触发<br>调度机器：10.32.10.88<br>执行器-注册方式：自动注册<br>执行器-地址列表：null<br>路由策略：第一个<br>阻塞处理策略：单机串行<br>任务超时时间：0<br>失败重试次数：0<br><br><span style=\"color:#00c0ef;\" > >>>>>>>>>>>触发调度<<<<<<<<<<< </span><br>调度失败：执行器地址为空<br><br>', null, '0', null, '1');
INSERT INTO `xxl_job_log` VALUES ('181', '2', '2', null, 'demoJobHandler', '', null, '0', '2021-01-25 12:08:00', '500', '任务触发类型：Cron触发<br>调度机器：10.32.10.88<br>执行器-注册方式：自动注册<br>执行器-地址列表：null<br>路由策略：第一个<br>阻塞处理策略：单机串行<br>任务超时时间：0<br>失败重试次数：0<br><br><span style=\"color:#00c0ef;\" > >>>>>>>>>>>触发调度<<<<<<<<<<< </span><br>调度失败：执行器地址为空<br><br>', null, '0', null, '1');
INSERT INTO `xxl_job_log` VALUES ('182', '2', '2', null, 'demoJobHandler', '', null, '0', '2021-01-25 12:09:00', '500', '任务触发类型：Cron触发<br>调度机器：10.32.10.88<br>执行器-注册方式：自动注册<br>执行器-地址列表：null<br>路由策略：第一个<br>阻塞处理策略：单机串行<br>任务超时时间：0<br>失败重试次数：0<br><br><span style=\"color:#00c0ef;\" > >>>>>>>>>>>触发调度<<<<<<<<<<< </span><br>调度失败：执行器地址为空<br><br>', null, '0', null, '1');
INSERT INTO `xxl_job_log` VALUES ('183', '2', '2', null, 'demoJobHandler', '', null, '0', '2021-01-25 12:10:00', '500', '任务触发类型：Cron触发<br>调度机器：10.32.10.88<br>执行器-注册方式：自动注册<br>执行器-地址列表：null<br>路由策略：第一个<br>阻塞处理策略：单机串行<br>任务超时时间：0<br>失败重试次数：0<br><br><span style=\"color:#00c0ef;\" > >>>>>>>>>>>触发调度<<<<<<<<<<< </span><br>调度失败：执行器地址为空<br><br>', null, '0', null, '1');
INSERT INTO `xxl_job_log` VALUES ('184', '2', '2', null, 'demoJobHandler', '', null, '0', '2021-01-25 12:11:00', '500', '任务触发类型：Cron触发<br>调度机器：10.32.10.88<br>执行器-注册方式：自动注册<br>执行器-地址列表：null<br>路由策略：第一个<br>阻塞处理策略：单机串行<br>任务超时时间：0<br>失败重试次数：0<br><br><span style=\"color:#00c0ef;\" > >>>>>>>>>>>触发调度<<<<<<<<<<< </span><br>调度失败：执行器地址为空<br><br>', null, '0', null, '1');
INSERT INTO `xxl_job_log` VALUES ('185', '2', '2', null, 'demoJobHandler', '', null, '0', '2021-01-25 12:12:00', '500', '任务触发类型：Cron触发<br>调度机器：10.32.10.88<br>执行器-注册方式：自动注册<br>执行器-地址列表：null<br>路由策略：第一个<br>阻塞处理策略：单机串行<br>任务超时时间：0<br>失败重试次数：0<br><br><span style=\"color:#00c0ef;\" > >>>>>>>>>>>触发调度<<<<<<<<<<< </span><br>调度失败：执行器地址为空<br><br>', null, '0', null, '1');
INSERT INTO `xxl_job_log` VALUES ('186', '2', '2', null, 'demoJobHandler', '', null, '0', '2021-01-25 12:13:00', '500', '任务触发类型：Cron触发<br>调度机器：10.32.10.88<br>执行器-注册方式：自动注册<br>执行器-地址列表：null<br>路由策略：第一个<br>阻塞处理策略：单机串行<br>任务超时时间：0<br>失败重试次数：0<br><br><span style=\"color:#00c0ef;\" > >>>>>>>>>>>触发调度<<<<<<<<<<< </span><br>调度失败：执行器地址为空<br><br>', null, '0', null, '1');
INSERT INTO `xxl_job_log` VALUES ('187', '2', '2', null, 'demoJobHandler', '', null, '0', '2021-01-25 12:14:00', '500', '任务触发类型：Cron触发<br>调度机器：10.32.10.88<br>执行器-注册方式：自动注册<br>执行器-地址列表：null<br>路由策略：第一个<br>阻塞处理策略：单机串行<br>任务超时时间：0<br>失败重试次数：0<br><br><span style=\"color:#00c0ef;\" > >>>>>>>>>>>触发调度<<<<<<<<<<< </span><br>调度失败：执行器地址为空<br><br>', null, '0', null, '1');
INSERT INTO `xxl_job_log` VALUES ('188', '2', '2', null, 'demoJobHandler', '', null, '0', '2021-01-25 12:15:00', '500', '任务触发类型：Cron触发<br>调度机器：10.32.10.88<br>执行器-注册方式：自动注册<br>执行器-地址列表：null<br>路由策略：第一个<br>阻塞处理策略：单机串行<br>任务超时时间：0<br>失败重试次数：0<br><br><span style=\"color:#00c0ef;\" > >>>>>>>>>>>触发调度<<<<<<<<<<< </span><br>调度失败：执行器地址为空<br><br>', null, '0', null, '1');
INSERT INTO `xxl_job_log` VALUES ('189', '2', '2', null, 'demoJobHandler', '', null, '0', '2021-01-25 12:16:00', '500', '任务触发类型：Cron触发<br>调度机器：10.32.10.88<br>执行器-注册方式：自动注册<br>执行器-地址列表：null<br>路由策略：第一个<br>阻塞处理策略：单机串行<br>任务超时时间：0<br>失败重试次数：0<br><br><span style=\"color:#00c0ef;\" > >>>>>>>>>>>触发调度<<<<<<<<<<< </span><br>调度失败：执行器地址为空<br><br>', null, '0', null, '1');
INSERT INTO `xxl_job_log` VALUES ('190', '2', '2', null, 'demoJobHandler', '', null, '0', '2021-01-25 12:17:00', '500', '任务触发类型：Cron触发<br>调度机器：10.32.10.88<br>执行器-注册方式：自动注册<br>执行器-地址列表：null<br>路由策略：第一个<br>阻塞处理策略：单机串行<br>任务超时时间：0<br>失败重试次数：0<br><br><span style=\"color:#00c0ef;\" > >>>>>>>>>>>触发调度<<<<<<<<<<< </span><br>调度失败：执行器地址为空<br><br>', null, '0', null, '1');
INSERT INTO `xxl_job_log` VALUES ('191', '2', '2', null, 'demoJobHandler', '', null, '0', '2021-01-25 12:18:00', '500', '任务触发类型：Cron触发<br>调度机器：10.32.10.88<br>执行器-注册方式：自动注册<br>执行器-地址列表：null<br>路由策略：第一个<br>阻塞处理策略：单机串行<br>任务超时时间：0<br>失败重试次数：0<br><br><span style=\"color:#00c0ef;\" > >>>>>>>>>>>触发调度<<<<<<<<<<< </span><br>调度失败：执行器地址为空<br><br>', null, '0', null, '1');
INSERT INTO `xxl_job_log` VALUES ('192', '2', '2', null, 'demoJobHandler', '', null, '0', '2021-01-25 12:19:00', '500', '任务触发类型：Cron触发<br>调度机器：10.32.10.88<br>执行器-注册方式：自动注册<br>执行器-地址列表：null<br>路由策略：第一个<br>阻塞处理策略：单机串行<br>任务超时时间：0<br>失败重试次数：0<br><br><span style=\"color:#00c0ef;\" > >>>>>>>>>>>触发调度<<<<<<<<<<< </span><br>调度失败：执行器地址为空<br><br>', null, '0', null, '1');
INSERT INTO `xxl_job_log` VALUES ('193', '2', '2', null, 'demoJobHandler', '', null, '0', '2021-01-25 12:20:00', '500', '任务触发类型：Cron触发<br>调度机器：10.32.10.88<br>执行器-注册方式：自动注册<br>执行器-地址列表：null<br>路由策略：第一个<br>阻塞处理策略：单机串行<br>任务超时时间：0<br>失败重试次数：0<br><br><span style=\"color:#00c0ef;\" > >>>>>>>>>>>触发调度<<<<<<<<<<< </span><br>调度失败：执行器地址为空<br><br>', null, '0', null, '1');
INSERT INTO `xxl_job_log` VALUES ('194', '2', '2', null, 'demoJobHandler', '', null, '0', '2021-01-25 12:21:00', '500', '任务触发类型：Cron触发<br>调度机器：10.32.10.88<br>执行器-注册方式：自动注册<br>执行器-地址列表：null<br>路由策略：第一个<br>阻塞处理策略：单机串行<br>任务超时时间：0<br>失败重试次数：0<br><br><span style=\"color:#00c0ef;\" > >>>>>>>>>>>触发调度<<<<<<<<<<< </span><br>调度失败：执行器地址为空<br><br>', null, '0', null, '1');
INSERT INTO `xxl_job_log` VALUES ('195', '2', '2', null, 'demoJobHandler', '', null, '0', '2021-01-25 12:22:00', '500', '任务触发类型：Cron触发<br>调度机器：10.32.10.88<br>执行器-注册方式：自动注册<br>执行器-地址列表：null<br>路由策略：第一个<br>阻塞处理策略：单机串行<br>任务超时时间：0<br>失败重试次数：0<br><br><span style=\"color:#00c0ef;\" > >>>>>>>>>>>触发调度<<<<<<<<<<< </span><br>调度失败：执行器地址为空<br><br>', null, '0', null, '1');
INSERT INTO `xxl_job_log` VALUES ('196', '2', '2', null, 'demoJobHandler', '', null, '0', '2021-01-25 12:23:00', '500', '任务触发类型：Cron触发<br>调度机器：10.32.10.88<br>执行器-注册方式：自动注册<br>执行器-地址列表：null<br>路由策略：第一个<br>阻塞处理策略：单机串行<br>任务超时时间：0<br>失败重试次数：0<br><br><span style=\"color:#00c0ef;\" > >>>>>>>>>>>触发调度<<<<<<<<<<< </span><br>调度失败：执行器地址为空<br><br>', null, '0', null, '1');
INSERT INTO `xxl_job_log` VALUES ('197', '2', '2', null, 'demoJobHandler', '', null, '0', '2021-01-25 12:24:00', '500', '任务触发类型：Cron触发<br>调度机器：10.32.10.88<br>执行器-注册方式：自动注册<br>执行器-地址列表：null<br>路由策略：第一个<br>阻塞处理策略：单机串行<br>任务超时时间：0<br>失败重试次数：0<br><br><span style=\"color:#00c0ef;\" > >>>>>>>>>>>触发调度<<<<<<<<<<< </span><br>调度失败：执行器地址为空<br><br>', null, '0', null, '1');
INSERT INTO `xxl_job_log` VALUES ('198', '2', '2', null, 'demoJobHandler', '', null, '0', '2021-01-25 12:25:00', '500', '任务触发类型：Cron触发<br>调度机器：10.32.10.88<br>执行器-注册方式：自动注册<br>执行器-地址列表：null<br>路由策略：第一个<br>阻塞处理策略：单机串行<br>任务超时时间：0<br>失败重试次数：0<br><br><span style=\"color:#00c0ef;\" > >>>>>>>>>>>触发调度<<<<<<<<<<< </span><br>调度失败：执行器地址为空<br><br>', null, '0', null, '1');
INSERT INTO `xxl_job_log` VALUES ('199', '2', '2', null, 'demoJobHandler', '', null, '0', '2021-01-25 12:26:00', '500', '任务触发类型：Cron触发<br>调度机器：10.32.10.88<br>执行器-注册方式：自动注册<br>执行器-地址列表：null<br>路由策略：第一个<br>阻塞处理策略：单机串行<br>任务超时时间：0<br>失败重试次数：0<br><br><span style=\"color:#00c0ef;\" > >>>>>>>>>>>触发调度<<<<<<<<<<< </span><br>调度失败：执行器地址为空<br><br>', null, '0', null, '1');
INSERT INTO `xxl_job_log` VALUES ('200', '2', '2', null, 'demoJobHandler', '', null, '0', '2021-01-25 12:27:00', '500', '任务触发类型：Cron触发<br>调度机器：10.32.10.88<br>执行器-注册方式：自动注册<br>执行器-地址列表：null<br>路由策略：第一个<br>阻塞处理策略：单机串行<br>任务超时时间：0<br>失败重试次数：0<br><br><span style=\"color:#00c0ef;\" > >>>>>>>>>>>触发调度<<<<<<<<<<< </span><br>调度失败：执行器地址为空<br><br>', null, '0', null, '1');
INSERT INTO `xxl_job_log` VALUES ('201', '2', '2', null, 'demoJobHandler', '', null, '0', '2021-01-25 12:28:00', '500', '任务触发类型：Cron触发<br>调度机器：10.32.10.88<br>执行器-注册方式：自动注册<br>执行器-地址列表：null<br>路由策略：第一个<br>阻塞处理策略：单机串行<br>任务超时时间：0<br>失败重试次数：0<br><br><span style=\"color:#00c0ef;\" > >>>>>>>>>>>触发调度<<<<<<<<<<< </span><br>调度失败：执行器地址为空<br><br>', null, '0', null, '1');
INSERT INTO `xxl_job_log` VALUES ('202', '2', '2', null, 'demoJobHandler', '', null, '0', '2021-01-25 12:29:00', '500', '任务触发类型：Cron触发<br>调度机器：10.32.10.88<br>执行器-注册方式：自动注册<br>执行器-地址列表：null<br>路由策略：第一个<br>阻塞处理策略：单机串行<br>任务超时时间：0<br>失败重试次数：0<br><br><span style=\"color:#00c0ef;\" > >>>>>>>>>>>触发调度<<<<<<<<<<< </span><br>调度失败：执行器地址为空<br><br>', null, '0', null, '1');
INSERT INTO `xxl_job_log` VALUES ('203', '2', '2', null, 'demoJobHandler', '', null, '0', '2021-01-25 12:30:00', '500', '任务触发类型：Cron触发<br>调度机器：10.32.10.88<br>执行器-注册方式：自动注册<br>执行器-地址列表：null<br>路由策略：第一个<br>阻塞处理策略：单机串行<br>任务超时时间：0<br>失败重试次数：0<br><br><span style=\"color:#00c0ef;\" > >>>>>>>>>>>触发调度<<<<<<<<<<< </span><br>调度失败：执行器地址为空<br><br>', null, '0', null, '1');
INSERT INTO `xxl_job_log` VALUES ('204', '2', '2', null, 'demoJobHandler', '', null, '0', '2021-01-25 12:31:00', '500', '任务触发类型：Cron触发<br>调度机器：10.32.10.88<br>执行器-注册方式：自动注册<br>执行器-地址列表：null<br>路由策略：第一个<br>阻塞处理策略：单机串行<br>任务超时时间：0<br>失败重试次数：0<br><br><span style=\"color:#00c0ef;\" > >>>>>>>>>>>触发调度<<<<<<<<<<< </span><br>调度失败：执行器地址为空<br><br>', null, '0', null, '1');
INSERT INTO `xxl_job_log` VALUES ('205', '2', '2', null, 'demoJobHandler', '', null, '0', '2021-01-25 12:32:00', '500', '任务触发类型：Cron触发<br>调度机器：10.32.10.88<br>执行器-注册方式：自动注册<br>执行器-地址列表：null<br>路由策略：第一个<br>阻塞处理策略：单机串行<br>任务超时时间：0<br>失败重试次数：0<br><br><span style=\"color:#00c0ef;\" > >>>>>>>>>>>触发调度<<<<<<<<<<< </span><br>调度失败：执行器地址为空<br><br>', null, '0', null, '1');
INSERT INTO `xxl_job_log` VALUES ('206', '2', '2', null, 'demoJobHandler', '', null, '0', '2021-01-25 12:33:00', '500', '任务触发类型：Cron触发<br>调度机器：10.32.10.88<br>执行器-注册方式：自动注册<br>执行器-地址列表：null<br>路由策略：第一个<br>阻塞处理策略：单机串行<br>任务超时时间：0<br>失败重试次数：0<br><br><span style=\"color:#00c0ef;\" > >>>>>>>>>>>触发调度<<<<<<<<<<< </span><br>调度失败：执行器地址为空<br><br>', null, '0', null, '1');
INSERT INTO `xxl_job_log` VALUES ('207', '2', '2', null, 'demoJobHandler', '', null, '0', '2021-01-25 12:34:00', '500', '任务触发类型：Cron触发<br>调度机器：10.32.10.88<br>执行器-注册方式：自动注册<br>执行器-地址列表：null<br>路由策略：第一个<br>阻塞处理策略：单机串行<br>任务超时时间：0<br>失败重试次数：0<br><br><span style=\"color:#00c0ef;\" > >>>>>>>>>>>触发调度<<<<<<<<<<< </span><br>调度失败：执行器地址为空<br><br>', null, '0', null, '1');
INSERT INTO `xxl_job_log` VALUES ('208', '2', '2', null, 'demoJobHandler', '', null, '0', '2021-01-25 12:35:00', '500', '任务触发类型：Cron触发<br>调度机器：10.32.10.88<br>执行器-注册方式：自动注册<br>执行器-地址列表：null<br>路由策略：第一个<br>阻塞处理策略：单机串行<br>任务超时时间：0<br>失败重试次数：0<br><br><span style=\"color:#00c0ef;\" > >>>>>>>>>>>触发调度<<<<<<<<<<< </span><br>调度失败：执行器地址为空<br><br>', null, '0', null, '1');
INSERT INTO `xxl_job_log` VALUES ('209', '2', '2', null, 'demoJobHandler', '', null, '0', '2021-01-25 12:36:00', '500', '任务触发类型：Cron触发<br>调度机器：10.32.10.88<br>执行器-注册方式：自动注册<br>执行器-地址列表：null<br>路由策略：第一个<br>阻塞处理策略：单机串行<br>任务超时时间：0<br>失败重试次数：0<br><br><span style=\"color:#00c0ef;\" > >>>>>>>>>>>触发调度<<<<<<<<<<< </span><br>调度失败：执行器地址为空<br><br>', null, '0', null, '1');
INSERT INTO `xxl_job_log` VALUES ('210', '2', '2', null, 'demoJobHandler', '', null, '0', '2021-01-25 12:37:00', '500', '任务触发类型：Cron触发<br>调度机器：10.32.10.88<br>执行器-注册方式：自动注册<br>执行器-地址列表：null<br>路由策略：第一个<br>阻塞处理策略：单机串行<br>任务超时时间：0<br>失败重试次数：0<br><br><span style=\"color:#00c0ef;\" > >>>>>>>>>>>触发调度<<<<<<<<<<< </span><br>调度失败：执行器地址为空<br><br>', null, '0', null, '1');
INSERT INTO `xxl_job_log` VALUES ('211', '2', '2', null, 'demoJobHandler', '', null, '0', '2021-01-25 12:38:00', '500', '任务触发类型：Cron触发<br>调度机器：10.32.10.88<br>执行器-注册方式：自动注册<br>执行器-地址列表：null<br>路由策略：第一个<br>阻塞处理策略：单机串行<br>任务超时时间：0<br>失败重试次数：0<br><br><span style=\"color:#00c0ef;\" > >>>>>>>>>>>触发调度<<<<<<<<<<< </span><br>调度失败：执行器地址为空<br><br>', null, '0', null, '1');
INSERT INTO `xxl_job_log` VALUES ('212', '2', '2', null, 'demoJobHandler', '', null, '0', '2021-01-25 12:39:00', '500', '任务触发类型：Cron触发<br>调度机器：10.32.10.88<br>执行器-注册方式：自动注册<br>执行器-地址列表：null<br>路由策略：第一个<br>阻塞处理策略：单机串行<br>任务超时时间：0<br>失败重试次数：0<br><br><span style=\"color:#00c0ef;\" > >>>>>>>>>>>触发调度<<<<<<<<<<< </span><br>调度失败：执行器地址为空<br><br>', null, '0', null, '1');
INSERT INTO `xxl_job_log` VALUES ('213', '2', '2', null, 'demoJobHandler', '', null, '0', '2021-01-25 12:40:00', '500', '任务触发类型：Cron触发<br>调度机器：10.32.10.88<br>执行器-注册方式：自动注册<br>执行器-地址列表：null<br>路由策略：第一个<br>阻塞处理策略：单机串行<br>任务超时时间：0<br>失败重试次数：0<br><br><span style=\"color:#00c0ef;\" > >>>>>>>>>>>触发调度<<<<<<<<<<< </span><br>调度失败：执行器地址为空<br><br>', null, '0', null, '1');
INSERT INTO `xxl_job_log` VALUES ('214', '2', '2', null, 'demoJobHandler', '', null, '0', '2021-01-25 12:41:00', '500', '任务触发类型：Cron触发<br>调度机器：10.32.10.88<br>执行器-注册方式：自动注册<br>执行器-地址列表：null<br>路由策略：第一个<br>阻塞处理策略：单机串行<br>任务超时时间：0<br>失败重试次数：0<br><br><span style=\"color:#00c0ef;\" > >>>>>>>>>>>触发调度<<<<<<<<<<< </span><br>调度失败：执行器地址为空<br><br>', null, '0', null, '1');
INSERT INTO `xxl_job_log` VALUES ('215', '2', '2', null, 'demoJobHandler', '', null, '0', '2021-01-25 12:42:00', '500', '任务触发类型：Cron触发<br>调度机器：10.32.10.88<br>执行器-注册方式：自动注册<br>执行器-地址列表：null<br>路由策略：第一个<br>阻塞处理策略：单机串行<br>任务超时时间：0<br>失败重试次数：0<br><br><span style=\"color:#00c0ef;\" > >>>>>>>>>>>触发调度<<<<<<<<<<< </span><br>调度失败：执行器地址为空<br><br>', null, '0', null, '1');
INSERT INTO `xxl_job_log` VALUES ('216', '2', '2', null, 'demoJobHandler', '', null, '0', '2021-01-25 12:43:00', '500', '任务触发类型：Cron触发<br>调度机器：10.32.10.88<br>执行器-注册方式：自动注册<br>执行器-地址列表：null<br>路由策略：第一个<br>阻塞处理策略：单机串行<br>任务超时时间：0<br>失败重试次数：0<br><br><span style=\"color:#00c0ef;\" > >>>>>>>>>>>触发调度<<<<<<<<<<< </span><br>调度失败：执行器地址为空<br><br>', null, '0', null, '1');
INSERT INTO `xxl_job_log` VALUES ('217', '2', '2', null, 'demoJobHandler', '', null, '0', '2021-01-25 12:44:00', '500', '任务触发类型：Cron触发<br>调度机器：10.32.10.88<br>执行器-注册方式：自动注册<br>执行器-地址列表：null<br>路由策略：第一个<br>阻塞处理策略：单机串行<br>任务超时时间：0<br>失败重试次数：0<br><br><span style=\"color:#00c0ef;\" > >>>>>>>>>>>触发调度<<<<<<<<<<< </span><br>调度失败：执行器地址为空<br><br>', null, '0', null, '1');
INSERT INTO `xxl_job_log` VALUES ('218', '2', '2', null, 'demoJobHandler', '', null, '0', '2021-01-25 12:45:00', '500', '任务触发类型：Cron触发<br>调度机器：10.32.10.88<br>执行器-注册方式：自动注册<br>执行器-地址列表：null<br>路由策略：第一个<br>阻塞处理策略：单机串行<br>任务超时时间：0<br>失败重试次数：0<br><br><span style=\"color:#00c0ef;\" > >>>>>>>>>>>触发调度<<<<<<<<<<< </span><br>调度失败：执行器地址为空<br><br>', null, '0', null, '1');
INSERT INTO `xxl_job_log` VALUES ('219', '2', '2', null, 'demoJobHandler', '', null, '0', '2021-01-25 12:46:00', '500', '任务触发类型：Cron触发<br>调度机器：10.32.10.88<br>执行器-注册方式：自动注册<br>执行器-地址列表：null<br>路由策略：第一个<br>阻塞处理策略：单机串行<br>任务超时时间：0<br>失败重试次数：0<br><br><span style=\"color:#00c0ef;\" > >>>>>>>>>>>触发调度<<<<<<<<<<< </span><br>调度失败：执行器地址为空<br><br>', null, '0', null, '1');
INSERT INTO `xxl_job_log` VALUES ('220', '2', '2', null, 'demoJobHandler', '', null, '0', '2021-01-25 12:47:00', '500', '任务触发类型：Cron触发<br>调度机器：10.32.10.88<br>执行器-注册方式：自动注册<br>执行器-地址列表：null<br>路由策略：第一个<br>阻塞处理策略：单机串行<br>任务超时时间：0<br>失败重试次数：0<br><br><span style=\"color:#00c0ef;\" > >>>>>>>>>>>触发调度<<<<<<<<<<< </span><br>调度失败：执行器地址为空<br><br>', null, '0', null, '1');
INSERT INTO `xxl_job_log` VALUES ('221', '2', '2', null, 'demoJobHandler', '', null, '0', '2021-01-25 12:48:00', '500', '任务触发类型：Cron触发<br>调度机器：10.32.10.88<br>执行器-注册方式：自动注册<br>执行器-地址列表：null<br>路由策略：第一个<br>阻塞处理策略：单机串行<br>任务超时时间：0<br>失败重试次数：0<br><br><span style=\"color:#00c0ef;\" > >>>>>>>>>>>触发调度<<<<<<<<<<< </span><br>调度失败：执行器地址为空<br><br>', null, '0', null, '1');
INSERT INTO `xxl_job_log` VALUES ('222', '2', '2', null, 'demoJobHandler', '', null, '0', '2021-01-25 12:49:00', '500', '任务触发类型：Cron触发<br>调度机器：10.32.10.88<br>执行器-注册方式：自动注册<br>执行器-地址列表：null<br>路由策略：第一个<br>阻塞处理策略：单机串行<br>任务超时时间：0<br>失败重试次数：0<br><br><span style=\"color:#00c0ef;\" > >>>>>>>>>>>触发调度<<<<<<<<<<< </span><br>调度失败：执行器地址为空<br><br>', null, '0', null, '1');
INSERT INTO `xxl_job_log` VALUES ('223', '2', '2', null, 'demoJobHandler', '', null, '0', '2021-01-25 12:50:00', '500', '任务触发类型：Cron触发<br>调度机器：10.32.10.88<br>执行器-注册方式：自动注册<br>执行器-地址列表：null<br>路由策略：第一个<br>阻塞处理策略：单机串行<br>任务超时时间：0<br>失败重试次数：0<br><br><span style=\"color:#00c0ef;\" > >>>>>>>>>>>触发调度<<<<<<<<<<< </span><br>调度失败：执行器地址为空<br><br>', null, '0', null, '1');
INSERT INTO `xxl_job_log` VALUES ('224', '2', '2', null, 'demoJobHandler', '', null, '0', '2021-01-25 12:51:00', '500', '任务触发类型：Cron触发<br>调度机器：10.32.10.88<br>执行器-注册方式：自动注册<br>执行器-地址列表：null<br>路由策略：第一个<br>阻塞处理策略：单机串行<br>任务超时时间：0<br>失败重试次数：0<br><br><span style=\"color:#00c0ef;\" > >>>>>>>>>>>触发调度<<<<<<<<<<< </span><br>调度失败：执行器地址为空<br><br>', null, '0', null, '1');
INSERT INTO `xxl_job_log` VALUES ('225', '2', '2', null, 'demoJobHandler', '', null, '0', '2021-01-25 12:52:00', '500', '任务触发类型：Cron触发<br>调度机器：10.32.10.88<br>执行器-注册方式：自动注册<br>执行器-地址列表：null<br>路由策略：第一个<br>阻塞处理策略：单机串行<br>任务超时时间：0<br>失败重试次数：0<br><br><span style=\"color:#00c0ef;\" > >>>>>>>>>>>触发调度<<<<<<<<<<< </span><br>调度失败：执行器地址为空<br><br>', null, '0', null, '1');
INSERT INTO `xxl_job_log` VALUES ('226', '2', '2', null, 'demoJobHandler', '', null, '0', '2021-01-25 12:53:00', '500', '任务触发类型：Cron触发<br>调度机器：10.32.10.88<br>执行器-注册方式：自动注册<br>执行器-地址列表：null<br>路由策略：第一个<br>阻塞处理策略：单机串行<br>任务超时时间：0<br>失败重试次数：0<br><br><span style=\"color:#00c0ef;\" > >>>>>>>>>>>触发调度<<<<<<<<<<< </span><br>调度失败：执行器地址为空<br><br>', null, '0', null, '1');
INSERT INTO `xxl_job_log` VALUES ('227', '2', '2', null, 'demoJobHandler', '', null, '0', '2021-01-25 12:54:00', '500', '任务触发类型：Cron触发<br>调度机器：10.32.10.88<br>执行器-注册方式：自动注册<br>执行器-地址列表：null<br>路由策略：第一个<br>阻塞处理策略：单机串行<br>任务超时时间：0<br>失败重试次数：0<br><br><span style=\"color:#00c0ef;\" > >>>>>>>>>>>触发调度<<<<<<<<<<< </span><br>调度失败：执行器地址为空<br><br>', null, '0', null, '1');
INSERT INTO `xxl_job_log` VALUES ('228', '2', '2', null, 'demoJobHandler', '', null, '0', '2021-01-25 12:55:00', '500', '任务触发类型：Cron触发<br>调度机器：10.32.10.88<br>执行器-注册方式：自动注册<br>执行器-地址列表：null<br>路由策略：第一个<br>阻塞处理策略：单机串行<br>任务超时时间：0<br>失败重试次数：0<br><br><span style=\"color:#00c0ef;\" > >>>>>>>>>>>触发调度<<<<<<<<<<< </span><br>调度失败：执行器地址为空<br><br>', null, '0', null, '1');
INSERT INTO `xxl_job_log` VALUES ('229', '2', '2', null, 'demoJobHandler', '', null, '0', '2021-01-25 12:56:00', '500', '任务触发类型：Cron触发<br>调度机器：10.32.10.88<br>执行器-注册方式：自动注册<br>执行器-地址列表：null<br>路由策略：第一个<br>阻塞处理策略：单机串行<br>任务超时时间：0<br>失败重试次数：0<br><br><span style=\"color:#00c0ef;\" > >>>>>>>>>>>触发调度<<<<<<<<<<< </span><br>调度失败：执行器地址为空<br><br>', null, '0', null, '1');
INSERT INTO `xxl_job_log` VALUES ('230', '2', '2', null, 'demoJobHandler', '', null, '0', '2021-01-25 12:57:00', '500', '任务触发类型：Cron触发<br>调度机器：10.32.10.88<br>执行器-注册方式：自动注册<br>执行器-地址列表：null<br>路由策略：第一个<br>阻塞处理策略：单机串行<br>任务超时时间：0<br>失败重试次数：0<br><br><span style=\"color:#00c0ef;\" > >>>>>>>>>>>触发调度<<<<<<<<<<< </span><br>调度失败：执行器地址为空<br><br>', null, '0', null, '1');
INSERT INTO `xxl_job_log` VALUES ('231', '2', '2', null, 'demoJobHandler', '', null, '0', '2021-01-25 12:58:00', '500', '任务触发类型：Cron触发<br>调度机器：10.32.10.88<br>执行器-注册方式：自动注册<br>执行器-地址列表：null<br>路由策略：第一个<br>阻塞处理策略：单机串行<br>任务超时时间：0<br>失败重试次数：0<br><br><span style=\"color:#00c0ef;\" > >>>>>>>>>>>触发调度<<<<<<<<<<< </span><br>调度失败：执行器地址为空<br><br>', null, '0', null, '1');
INSERT INTO `xxl_job_log` VALUES ('232', '2', '2', null, 'demoJobHandler', '', null, '0', '2021-01-25 12:59:00', '500', '任务触发类型：Cron触发<br>调度机器：10.32.10.88<br>执行器-注册方式：自动注册<br>执行器-地址列表：null<br>路由策略：第一个<br>阻塞处理策略：单机串行<br>任务超时时间：0<br>失败重试次数：0<br><br><span style=\"color:#00c0ef;\" > >>>>>>>>>>>触发调度<<<<<<<<<<< </span><br>调度失败：执行器地址为空<br><br>', null, '0', null, '1');
INSERT INTO `xxl_job_log` VALUES ('233', '2', '2', null, 'demoJobHandler', '', null, '0', '2021-01-25 13:00:00', '500', '任务触发类型：Cron触发<br>调度机器：10.32.10.88<br>执行器-注册方式：自动注册<br>执行器-地址列表：null<br>路由策略：第一个<br>阻塞处理策略：单机串行<br>任务超时时间：0<br>失败重试次数：0<br><br><span style=\"color:#00c0ef;\" > >>>>>>>>>>>触发调度<<<<<<<<<<< </span><br>调度失败：执行器地址为空<br><br>', null, '0', null, '1');
INSERT INTO `xxl_job_log` VALUES ('234', '2', '2', null, 'demoJobHandler', '', null, '0', '2021-01-25 13:01:00', '500', '任务触发类型：Cron触发<br>调度机器：10.32.10.88<br>执行器-注册方式：自动注册<br>执行器-地址列表：null<br>路由策略：第一个<br>阻塞处理策略：单机串行<br>任务超时时间：0<br>失败重试次数：0<br><br><span style=\"color:#00c0ef;\" > >>>>>>>>>>>触发调度<<<<<<<<<<< </span><br>调度失败：执行器地址为空<br><br>', null, '0', null, '1');
INSERT INTO `xxl_job_log` VALUES ('235', '2', '2', null, 'demoJobHandler', '', null, '0', '2021-01-25 13:02:00', '500', '任务触发类型：Cron触发<br>调度机器：10.32.10.88<br>执行器-注册方式：自动注册<br>执行器-地址列表：null<br>路由策略：第一个<br>阻塞处理策略：单机串行<br>任务超时时间：0<br>失败重试次数：0<br><br><span style=\"color:#00c0ef;\" > >>>>>>>>>>>触发调度<<<<<<<<<<< </span><br>调度失败：执行器地址为空<br><br>', null, '0', null, '1');
INSERT INTO `xxl_job_log` VALUES ('236', '2', '2', null, 'demoJobHandler', '', null, '0', '2021-01-25 13:03:00', '500', '任务触发类型：Cron触发<br>调度机器：10.32.10.88<br>执行器-注册方式：自动注册<br>执行器-地址列表：null<br>路由策略：第一个<br>阻塞处理策略：单机串行<br>任务超时时间：0<br>失败重试次数：0<br><br><span style=\"color:#00c0ef;\" > >>>>>>>>>>>触发调度<<<<<<<<<<< </span><br>调度失败：执行器地址为空<br><br>', null, '0', null, '1');
INSERT INTO `xxl_job_log` VALUES ('237', '2', '2', null, 'demoJobHandler', '', null, '0', '2021-01-25 13:04:00', '500', '任务触发类型：Cron触发<br>调度机器：10.32.10.88<br>执行器-注册方式：自动注册<br>执行器-地址列表：null<br>路由策略：第一个<br>阻塞处理策略：单机串行<br>任务超时时间：0<br>失败重试次数：0<br><br><span style=\"color:#00c0ef;\" > >>>>>>>>>>>触发调度<<<<<<<<<<< </span><br>调度失败：执行器地址为空<br><br>', null, '0', null, '1');
INSERT INTO `xxl_job_log` VALUES ('238', '2', '2', null, 'demoJobHandler', '', null, '0', '2021-01-25 13:05:00', '500', '任务触发类型：Cron触发<br>调度机器：10.32.10.88<br>执行器-注册方式：自动注册<br>执行器-地址列表：null<br>路由策略：第一个<br>阻塞处理策略：单机串行<br>任务超时时间：0<br>失败重试次数：0<br><br><span style=\"color:#00c0ef;\" > >>>>>>>>>>>触发调度<<<<<<<<<<< </span><br>调度失败：执行器地址为空<br><br>', null, '0', null, '1');
INSERT INTO `xxl_job_log` VALUES ('239', '2', '2', null, 'demoJobHandler', '', null, '0', '2021-01-25 13:06:00', '500', '任务触发类型：Cron触发<br>调度机器：10.32.10.88<br>执行器-注册方式：自动注册<br>执行器-地址列表：null<br>路由策略：第一个<br>阻塞处理策略：单机串行<br>任务超时时间：0<br>失败重试次数：0<br><br><span style=\"color:#00c0ef;\" > >>>>>>>>>>>触发调度<<<<<<<<<<< </span><br>调度失败：执行器地址为空<br><br>', null, '0', null, '1');
INSERT INTO `xxl_job_log` VALUES ('240', '2', '2', null, 'demoJobHandler', '', null, '0', '2021-01-25 13:07:00', '500', '任务触发类型：Cron触发<br>调度机器：10.32.10.88<br>执行器-注册方式：自动注册<br>执行器-地址列表：null<br>路由策略：第一个<br>阻塞处理策略：单机串行<br>任务超时时间：0<br>失败重试次数：0<br><br><span style=\"color:#00c0ef;\" > >>>>>>>>>>>触发调度<<<<<<<<<<< </span><br>调度失败：执行器地址为空<br><br>', null, '0', null, '1');
INSERT INTO `xxl_job_log` VALUES ('241', '2', '2', null, 'demoJobHandler', '', null, '0', '2021-01-25 13:08:00', '500', '任务触发类型：Cron触发<br>调度机器：10.32.10.88<br>执行器-注册方式：自动注册<br>执行器-地址列表：null<br>路由策略：第一个<br>阻塞处理策略：单机串行<br>任务超时时间：0<br>失败重试次数：0<br><br><span style=\"color:#00c0ef;\" > >>>>>>>>>>>触发调度<<<<<<<<<<< </span><br>调度失败：执行器地址为空<br><br>', null, '0', null, '1');
INSERT INTO `xxl_job_log` VALUES ('242', '2', '2', null, 'demoJobHandler', '', null, '0', '2021-01-25 13:09:00', '500', '任务触发类型：Cron触发<br>调度机器：10.32.10.88<br>执行器-注册方式：自动注册<br>执行器-地址列表：null<br>路由策略：第一个<br>阻塞处理策略：单机串行<br>任务超时时间：0<br>失败重试次数：0<br><br><span style=\"color:#00c0ef;\" > >>>>>>>>>>>触发调度<<<<<<<<<<< </span><br>调度失败：执行器地址为空<br><br>', null, '0', null, '1');
INSERT INTO `xxl_job_log` VALUES ('243', '2', '2', null, 'demoJobHandler', '', null, '0', '2021-01-25 13:10:00', '500', '任务触发类型：Cron触发<br>调度机器：10.32.10.88<br>执行器-注册方式：自动注册<br>执行器-地址列表：null<br>路由策略：第一个<br>阻塞处理策略：单机串行<br>任务超时时间：0<br>失败重试次数：0<br><br><span style=\"color:#00c0ef;\" > >>>>>>>>>>>触发调度<<<<<<<<<<< </span><br>调度失败：执行器地址为空<br><br>', null, '0', null, '1');
INSERT INTO `xxl_job_log` VALUES ('244', '2', '2', null, 'demoJobHandler', '', null, '0', '2021-01-25 13:11:00', '500', '任务触发类型：Cron触发<br>调度机器：10.32.10.88<br>执行器-注册方式：自动注册<br>执行器-地址列表：null<br>路由策略：第一个<br>阻塞处理策略：单机串行<br>任务超时时间：0<br>失败重试次数：0<br><br><span style=\"color:#00c0ef;\" > >>>>>>>>>>>触发调度<<<<<<<<<<< </span><br>调度失败：执行器地址为空<br><br>', null, '0', null, '1');

-- ----------------------------
-- Table structure for xxl_job_logglue
-- ----------------------------
DROP TABLE IF EXISTS `xxl_job_logglue`;
CREATE TABLE `xxl_job_logglue` (
  `id` int(11) NOT NULL AUTO_INCREMENT,
  `job_id` int(11) NOT NULL COMMENT '任务，主键ID',
  `glue_type` varchar(50) DEFAULT NULL COMMENT 'GLUE类型',
  `glue_source` mediumtext COMMENT 'GLUE源代码',
  `glue_remark` varchar(128) NOT NULL COMMENT 'GLUE备注',
  `add_time` datetime DEFAULT NULL,
  `update_time` datetime DEFAULT NULL,
  PRIMARY KEY (`id`)
) ENGINE=InnoDB DEFAULT CHARSET=utf8mb4;

-- ----------------------------
-- Records of xxl_job_logglue
-- ----------------------------

-- ----------------------------
-- Table structure for xxl_job_log_report
-- ----------------------------
DROP TABLE IF EXISTS `xxl_job_log_report`;
CREATE TABLE `xxl_job_log_report` (
  `id` int(11) NOT NULL AUTO_INCREMENT,
  `trigger_day` datetime DEFAULT NULL COMMENT '调度-时间',
  `running_count` int(11) NOT NULL DEFAULT '0' COMMENT '运行中-日志数量',
  `suc_count` int(11) NOT NULL DEFAULT '0' COMMENT '执行成功-日志数量',
  `fail_count` int(11) NOT NULL DEFAULT '0' COMMENT '执行失败-日志数量',
  PRIMARY KEY (`id`),
  UNIQUE KEY `i_trigger_day` (`trigger_day`) USING BTREE
) ENGINE=InnoDB AUTO_INCREMENT=7 DEFAULT CHARSET=utf8mb4;

-- ----------------------------
-- Records of xxl_job_log_report
-- ----------------------------
INSERT INTO `xxl_job_log_report` VALUES ('1', '2021-01-22 00:00:00', '0', '3', '132');
INSERT INTO `xxl_job_log_report` VALUES ('2', '2021-01-21 00:00:00', '0', '0', '0');
INSERT INTO `xxl_job_log_report` VALUES ('3', '2021-01-20 00:00:00', '0', '0', '0');
INSERT INTO `xxl_job_log_report` VALUES ('4', '2021-01-25 00:00:00', '0', '0', '107');
INSERT INTO `xxl_job_log_report` VALUES ('5', '2021-01-24 00:00:00', '0', '0', '0');
INSERT INTO `xxl_job_log_report` VALUES ('6', '2021-01-23 00:00:00', '0', '0', '0');

-- ----------------------------
-- Table structure for xxl_job_registry
-- ----------------------------
DROP TABLE IF EXISTS `xxl_job_registry`;
CREATE TABLE `xxl_job_registry` (
  `id` int(11) NOT NULL AUTO_INCREMENT,
  `registry_group` varchar(50) NOT NULL,
  `registry_key` varchar(255) NOT NULL,
  `registry_value` varchar(255) NOT NULL,
  `update_time` datetime DEFAULT NULL,
  PRIMARY KEY (`id`),
  KEY `i_g_k_v` (`registry_group`,`registry_key`,`registry_value`)
) ENGINE=InnoDB DEFAULT CHARSET=utf8mb4;

-- ----------------------------
-- Records of xxl_job_registry
-- ----------------------------

-- ----------------------------
-- Table structure for xxl_job_user
-- ----------------------------
DROP TABLE IF EXISTS `xxl_job_user`;
CREATE TABLE `xxl_job_user` (
  `id` int(11) NOT NULL AUTO_INCREMENT,
  `username` varchar(50) NOT NULL COMMENT '账号',
  `password` varchar(50) NOT NULL COMMENT '密码',
  `role` tinyint(4) NOT NULL COMMENT '角色：0-普通用户、1-管理员',
  `permission` varchar(255) DEFAULT NULL COMMENT '权限：执行器ID列表，多个逗号分割',
  PRIMARY KEY (`id`),
  UNIQUE KEY `i_username` (`username`) USING BTREE
) ENGINE=InnoDB AUTO_INCREMENT=2 DEFAULT CHARSET=utf8mb4;

-- ----------------------------
-- Records of xxl_job_user
-- ----------------------------
INSERT INTO `xxl_job_user` VALUES ('1', 'admin', 'e10adc3949ba59abbe56e057f20f883e', '1', null);
